mill_name_,latitude,longitude,iso,certificat,group_name
Ayer Itam Oil Mill,1.9262,103.1856,MYS,None,Unknown
Bukit Lee Lau,3.303,103.1377,MYS,None,Unknown
Gemareksa Mekarsari,-2.1306,111.5589,IDN,None,Unknown
Astra Agro Lestari,-1.9906,115.5093,IDN,None,Unknown
THP Saribas,1.6236,111.3204,MYS,None,Unknown
Masranti Plantation,1.1158,110.8221,MYS,None,Unknown
K.K.S Rasau Kerteh,4.5733,103.3181,MYS,None,Unknown
AUMKAR OIL MILL,4.2633,117.8875,MYS,None,Unknown
K.K.S. LANGKON,6.5717,116.7083,MYS,None,Unknown
KILANG KELAPA SAWIT KUNAK,4.4695,118.1867,MYS,None,Unknown
Dupont & Leosk,2.5336,102.4094,MYS,None,Unknown
KILANG KELAPA SAWIT SEGARIA,4.4892,118.4377,MYS,None,Unknown
KKS SEGALIUD,5.8857,118.0422,MYS,None,Unknown
Palmawasi,-8.3353,-76.4911,PER,None,Unknown
PTPN IV (Adolina),3.5682,98.9471,IDN,None,Unknown
Serdang Cemerlang,3.7619,98.5941,IDN,None,Unknown
Sumber Sawit Makmur,3.276,99.2121,IDN,None,Unknown
KS BUKIT MENDI-PAHANG,3.2131,102.312,MYS,None,Unknown
Kechau,4.2931,102.077,MYS,None,Unknown
RUCHI SOYA INDS - GANDHIDHAM,23.1012,70.1575,IND,None,Unknown
El Roble S.A.,10.6718,-74.2152,COL,None,Unknown
Unico Oil Mill,5.4141,118.5281,MYS,None,Unknown
Sungai Buaya,-4.1364,105.4428,IDN,None,Unknown
Sungai Merah,-4.2183,105.5883,IDN,None,Unknown
Batu Ampar,-3.1981,116.0219,IDN,None,Unknown
Jelatang,-2.0722,102.4858,IDN,None,Unknown
Langling,-2.1008,102.3744,IDN,None,Unknown
Atlantica,5.7181,117.8277,MYS,None,Unknown
LIBO SAWIT PERKASA,0.9563,101.1405,IDN,None,Unknown
SANG GUAN,4.667,118.2035,MYS,None,Unknown
PT PERDANA INTISAWIT SEI AIR HITAM MILL,1.1402,100.4944,IDN,None,Unknown
Kilang Sawit United Bell,2.0094,102.6799,MYS,None,Unknown
Desa Kim Loong Palm Oil,3.7619,113.6583,MYS,None,Unknown
Kim Loong Sabah Mill,1.5655,103.468,MYS,None,Unknown
Keningau Palm Oil  Mill,2.3423,103.4385,MYS,None,Unknown
Genting SDC (Sabapalm Mill),6.6483,117.391,MYS,None,Unknown
Kilang Kelapa Sawit Pinangah,4.1512,100.7812,MYS,None,Unknown
Konsep Muktamad,4.4554,118.2228,MYS,None,Unknown
KRETAM,5.6598,117.8346,MYS,None,Unknown
Salim Ivomas Pratama - PKS Sungai Dua,1.75,100.5912,IDN,None,Unknown
Sumber Alam Makmur Sentosa,0.9595,100.7238,IDN,None,Unknown
Sumber Jaya Indahnusa,0.8922,100.699,IDN,None,Unknown
Anugerah Tanjung Medan,2.0631,100.1468,IDN,None,Unknown
Gunung Selamat Lestari,2.0399,100.045,IDN,None,Unknown
Herfinta,1.8511,100.1614,IDN,None,Unknown
PT MITRA NIAGA SEJATI JAYA,4.0532,98.1363,IDN,None,Unknown
Sumber Sawit Mekar,3.6532,98.431,IDN,None,Unknown
Incasi Raya (PKS Pangian),-1.3201,101.6486,IDN,None,Unknown
Incasi Raya (PKS Sodetan),-2.1842,100.9173,IDN,None,Unknown
Mega Sawindo Perkasa,-1.6843,102.2347,IDN,None,Unknown
Selago Makmur Plantation,-1.2503,101.5757,IDN,None,Unknown
Sumbar Andalas Kencana,-0.9972,101.7423,IDN,None,Unknown
PT SAWIT NAGAN RAYA MAKMUR,4.0489,96.4743,IDN,None,Unknown
PT SINARLIKA PORTIBIJAYA PLANTATION,1.4283,99.7237,IDN,None,Unknown
Tunas Harapan Sawit,3.3675,99.0178,IDN,None,Unknown
Peniti Sungai Parun,0.2998,109.1754,IDN,None,Unknown
unknown,2.2709,103.0382,MYS,None,Unknown
unknown,-2.5428,-48.7049,BRA,None,Unknown
unknown,2.4685,101.9937,MYS,None,Unknown
unknown,4.2407,102.1047,MYS,None,Unknown
unknown,4.1818,97.9394,IDN,None,Unknown
unknown,4.9369,97.3698,IDN,None,Unknown
unknown,0.4661,101.6394,IDN,None,Unknown
unknown,4.8365,102.0044,MYS,None,Unknown
unknown,3.2873,102.4584,MYS,None,Unknown
unknown,2.0846,102.6972,MYS,None,Unknown
unknown,1.5139,103.5253,MYS,None,Unknown
unknown,2.4988,102.5066,MYS,None,Unknown
unknown,2.1574,103.1234,MYS,None,Unknown
unknown,2.3682,103.6564,MYS,None,Unknown
unknown,2.7213,103.5351,MYS,None,Unknown
unknown,10.0977,-73.2351,COL,None,Unknown
CPA POM,-2.250828,-48.752736,BRA,RSPO Certified,Agropalma Group
unknown,3.1456,101.3552,MYS,None,Unknown
unknown,4.4574,96.1615,IDN,None,Unknown
unknown,2.6116,102.6795,MYS,None,Unknown
unknown,2.4101,103.6594,MYS,None,Unknown
unknown,6.6728,116.9442,MYS,None,Unknown
unknown,2.8046,102.3876,MYS,None,Unknown
unknown,3.4495,113.7666,MYS,None,Unknown
unknown,5.6064,100.7459,MYS,None,Unknown
unknown,1.4862,103.8852,MYS,None,Unknown
unknown,2.485,102.488,MYS,None,Unknown
unknown,3.9865,101.7925,MYS,None,Unknown
unknown,2.8637,101.5117,MYS,None,Unknown
unknown,4.1187,103.2041,MYS,None,Unknown
unknown,3.987,101.17,MYS,None,Unknown
unknown,3.315,99.3007,IDN,None,Unknown
unknown,3.0356,-73.1115,COL,None,Unknown
unknown,4.0885,97.9609,IDN,None,Unknown
unknown,15.6887,-87.0651,HND,None,Unknown
Kulai POM,1.733333,103.65,MYS,RSPO Certified,FELDA
Baturong,4.7553,118.0886,MYS,RSPO Certified,Unknown
Morisem,5.4935,118.37,MYS,RSPO Certified,Unknown
Pamol Klauang,2.111,103.3923,MYS,RSPO Certified,Unknown
Lavang Palm Oil Mill,3.1809,113.0408,MYS,RSPO Certified,Unknown
Sungai Rungau,-2.3206,112.334,IDN,RSPO Certified,Unknown
Kilang Kelapa Sawit Batu Lintang,5.1936,100.6284,MYS,RSPO Certified,Unknown
KILANG KELAPA SAWIT LEE PANG,5.5491,118.4376,MYS,RSPO Certified,Unknown
Ind˙stria Agropalma,-2.543342,-48.690594,BRA,RSPO Certified,Agropalma Group
Usine SAMO POM,5.281733,-3.5282,CIV,RSPO Certified,SARL AGRIVAR: Agro Industrie VariÈe
Extractora Tequendama,10.548547,-74.181286,COL,RSPO Certified,Daabon Group
INDUSTRIAL AGRARIA LA PALMA LIMITADA-INDUPALMA LTDA,7.706147,-73.455428,COL,RSPO Certified,INDUSTRIAL AGRARIA LA PALMA LIMITADA-INDUPALMA LTDA
Extractora del Atlantico S.A.,15.582959,-88.559814,GTM,RSPO Certified,Corporacion Agroindustrial del Caribe S.A
Adolina POM,3.593333,98.947222,IDN,RSPO Certified,PT Perkebunan Nusantara IV (PERSERO)
Aek Nabara Selatan Palm Oil Mill,2.058056,99.955278,IDN,RSPO Certified,PT Perkebunan Nusantara III
Aek Sigala gala Mill,1.621167,100.102444,IDN,RSPO Certified,PT. Barumun Agro Sentosa (Formerly known as: PT First Mujur Plantation and Industry)
Aek Torop Palm Oil Mill,1.792778,100.150278,IDN,RSPO Certified,PT Perkebunan Nusantara III
Air Batu POM,2.833333,99.616667,IDN,RSPO Certified,PT Perkebunan Nusantara IV (PERSERO)
Alur Dumai POM,10.561111,100.541667,IDN,RSPO Certified,Sime Darby Plantation Sdn Bhd
Angsana Mini POM,-3.612139,115.443139,IDN,RSPO Certified,Sime Darby Plantation Sdn Bhd
Bah Jambi POM,2.983333,99.233333,IDN,RSPO Certified,PT Perkebunan Nusantara IV (PERSERO)
Batu Ampar Mill,3.198056,116.021944,IDN,RSPO Certified,PT Smart Tbk
Bebunga POM,0.115972,103.549139,IDN,RSPO Certified,Sime Darby Plantation Sdn Bhd
Begerpang,3.459167,98.82416,IDN,RSPO Certified,PT PP London Sumatra Indonesia Tbk
Berangir POM,2.198889,99.745833,IDN,RSPO Certified,PT Perkebunan Nusantara IV (PERSERO)
Binanga Mill,1.676111,100.084167,IDN,RSPO Certified,PT Austindo Nusantara Jaya Agri
Buatan II POM,0.456667,101.868889,IDN,RSPO Certified,PT Inti Indosawit Subur
Bukit Maradja POM,3.066667,99.25,IDN,RSPO Certified,SIPEF Group
Bumi Palma POM,-0.598128,102.983597,IDN,RSPO Certified,SINARMAS AGRIBUSSINESS - PT IVOMAS TUNGGAL
Cakara POM,0.265333,116.266417,IDN,RSPO Certified,R.E.A. Holdings Plc
Dolok Sinumbah POM,3.1,99.333333,IDN,RSPO Certified,PT Perkebunan Nusantara IV (PERSERO)
Gunung Melayu,2.701111,99.573889,IDN,RSPO Certified,PT PP London Sumatra Indonesia Tbk
"Kridatama Lancar, Sukamandang POM",1.035833,112.285278,IDN,RSPO Certified,Sime Darby Plantation Sdn Bhd
Ladang Panjang POM,-1.075833,103.792778,IDN,RSPO Certified,Sime Darby Plantation Sdn Bhd
Manggala POM,1.666667,100.583333,IDN,RSPO Certified,Sime Darby Plantation Sdn Bhd
Mukomuko,-2.6,101.266667,IDN,RSPO Certified,SIPEF Group
Mustika POM,-3.468611,115.650556,IDN,RSPO Certified,Sime Darby Plantation Sdn Bhd
Negeri Lama Mill,2.31725,100.070169,IDN,RSPO Certified,Socfin Group (PT Socfindo and Socfinco SA)
Pabrik Kelapa Sawit Kencana Sawit Indonesia,2.662778,101.63,IDN,RSPO Certified,Wilmar International Ltd
Pabrik Kelapa Sawit Pangkalan Lesung POM,-0.05,102.075,IDN,RSPO Certified,PT Musim Mas
Paku Juang Mill,-2.433267,110.817511,IDN,RSPO Certified,Cargill Incorporated
Pangkatan POM,2.112222,99.945556,IDN,RSPO Certified,M.P. Evans Group PLC
Perdana POM,0.2575,116.150139,IDN,RSPO Certified,R.E.A. Holdings Plc
Perlabian Palm Oil Mill - PT Tolan Tiga,4.066667,100.066667,IDN,RSPO Certified,Perlabian POM
PKS Sukajadi Sawit Mekar 1,-2.381111,112.539722,IDN,RSPO Certified,PT Agrowiratama
PKS Sukajadi Sawit Mekar 2,-2.37025,112.602611,IDN,RSPO Certified,PT Agrowiratama
PKS Tunas Baru Lampung,-4.85155,105.183367,IDN,RSPO Certified,PT Tunas Baru Lampung Tbk
Pondok Labu POM,-2.481444,116.512556,IDN,RSPO Certified,Sime Darby Plantation Sdn Bhd
PT. PRIMA MITRAJAYA MANDIRI-Benua Puhun,-0.295789,116.761014,IDN,RSPO Certified,M.P. Evans Group PLC
PT. Unggul Lestari,-1.595844,112.598831,IDN,RSPO Certified,PT. Unggul Lestari
PT Adei Plantation - Nilo 1 POM,0.348056,101.971667,IDN,RSPO Certified,Kuala Lumpur Kepong Berhad
PT Agro Mitra Madani POM,-1.066667,103.1,IDN,RSPO Certified,PT Bakrie Sumatera Plantations TBK
PT Agronusa Investama (Sambas) - Agronusa Investama POM,1.421389,109.512778,IDN,RSPO Certified,Wilmar International Ltd
PT Agrowiratama POM,0.198959,99.626588,IDN,RSPO Certified,PT Agrowiratama
PT Berkat Sawit Sejati POM,-2.350694,103.748139,IDN,RSPO Certified,PT Berkat Sawit Sejati
PT Bersama Sejahtera Sakti-Gunung Aru POM,-3.5,116.15,IDN,RSPO Certified,Sime Darby Plantation Sdn Bhd
PT Bhumireksa Nusasejati-Mandah POM,-0.115972,103.549139,IDN,RSPO Certified,Sime Darby Plantation Sdn Bhd
PT Laguna Mandiri - Betung POM,-2.379167,116.203056,IDN,RSPO Certified,Sime Darby Plantation Sdn Bhd
PT MAJU ANEKA SAWIT & GAP POM,-2.478167,112.647611,IDN,RSPO Certified,PT Agrowiratama
PT Sarana Titian Permata POM,-2.894444,112.543611,IDN,RSPO Certified,Wilmar International Ltd
Rantau POM,-2.439167,116.114167,IDN,RSPO Certified,Sime Darby Plantation Sdn Bhd
Sei Mangke POM,3.130778,99.343861,IDN,RSPO Certified,PT Perkebunan Nusantara III
Sekunyir POM,-2.360233,111.953942,IDN,RSPO Certified,Sime Darby Plantation Sdn Bhd
Selabak POM (Minamas Plantation),-2.507222,116.206389,IDN,RSPO Certified,Sime Darby Plantation Sdn Bhd
Semilar Mill,2.251725,112.349675,IDN,RSPO Certified,PT Smart Tbk
Semilar Mill,2.248258,112.340431,IDN,RSPO Certified,PT Smart Tbk
Sungai Purun POM,-2.480278,112.443889,IDN,RSPO Certified,PT Agro Indomas
Tanah Laut Mill,3.790278,115.283056,IDN,RSPO Certified,PT Smart Tbk
"Teguh Sempurna, Pemantang POM",-2.210556,112.238056,IDN,RSPO Certified,Sime Darby Plantation Sdn Bhd
Teluk Bakau POM,0.2565,103.588833,IDN,RSPO Certified,Sime Darby Plantation Sdn Bhd
Terawan Mill,-2.559975,112.373611,IDN,RSPO Certified,PT Agro Indomas
Tinjowan POM,3.066667,99.483333,IDN,RSPO Certified,PT Perkebunan Nusantara IV (PERSERO)
Ukui II,0.286667,102.193889,IDN,RSPO Certified,PT Inti Indosawit Subur
Adela POM,1.551917,104.186361,MYS,RSPO Certified,FELDA
Asia POM,5.3,118.21,MYS,RSPO Certified,Carotino/ JC Chang Group
Bornion POM,5.609,118.7899,MYS,RSPO Certified,Kuala Lumpur Kepong Berhad
Bukit Benut POM,1.911667,103.333056,MYS,RSPO Certified,Sime Darby Plantation Sdn Bhd
Bukit Besar POM,1.767831,103.703006,MYS,RSPO Certified,FELDA
Bukit Sagu POM,3.9669,103.1487,MYS,RSPO Certified,FELDA
Carotino POM,3.816974,102.817909,MYS,RSPO Certified,Carotino/ JC Chang Group
Changkat Chermin,4.274361,100.700611,MYS,RSPO Certified,Kuala Lumpur Kepong Berhad
Chersonese POM,4.99,100.453333,MYS,RSPO Certified,Sime Darby Plantation Sdn Bhd
Flemington POM,3.928056,100.857222,MYS,RSPO Certified,Sime Darby Plantation Sdn Bhd
Gomali Oil Mill,1.800522,103.342244,MYS,RSPO Certified,IOI Group
Jendarata Palm Oil Mill (P01),3.866667,101.016667,MYS,RSPO Certified,United Plantations Bhd
Jengka 18 POM,3.590383,102.55915,MYS,RSPO Certified,FELDA
Jengka 21 POM,3.725,102.482222,MYS,RSPO Certified,FELDA
Jengka 3 POM,3.826944,102.530833,MYS,RSPO Certified,FELDA
Jengka 8 POM,3.684444,102.601667,MYS,RSPO Certified,FELDA
Jeroco Palm Oil Mill 1,5.4311,118.417217,MYS,RSPO Certified,Hap Seng Plantations Holdings Bhd
Kemasul POM,3.179845,102.32966,MYS,RSPO Certified,FELDA
KKS Baiduri Ayu,5.1509,119.0066,MYS,RSPO Certified,FELDA
KKS Fajar Harapan,5.1953,119.1892,MYS,RSPO Certified,FELDA
KLK (S) MILL 2,4.46562,118.22367,MYS,RSPO Certified,Kuala Lumpur Kepong Berhad
KLK (S) PINANG POM,4.432593,118.270937,MYS,RSPO Certified,Kuala Lumpur Kepong Berhad
Ladang Sabah Mill,5.07415,117.610383,MYS,RSPO Certified,IOI Group
Lepar Utara 4 POM,3.878967,102.815467,MYS,RSPO Certified,FELDA
Lepar Utara 6 Plam oil Mill,-3.970817,102.691667,MYS,RSPO Certified,FELDA
Lima Blas POM,3.7,101.45,MYS,RSPO Certified,United Plantations Bhd
Lungmanis POM,5.0839,118.5882,MYS,RSPO Certified,Kuala Lumpur Kepong Berhad
Masai Palm Oil Mill,1.540525,103.964953,MYS,RSPO Certified,Keck Seng (Malaysia) Berhad
Mayvin Plam Oil Mill,5.577017,117.235767,MYS,RSPO Certified,IOI Group
Melewar POM,5.271389,118.051944,MYS,RSPO Certified,Carotino/ JC Chang Group
Padang Piol POM,3.921733,102.489533,MYS,RSPO Certified,FELDA
Pagoh Palm Oil Mill,2.083,102.759,MYS,RSPO Certified,Sime Darby Plantation Sdn Bhd
Pamol Sabah,5.9967,117.3912,MYS,RSPO Certified,IOI Group
Ribubonus POM,5.688883,117.092819,MYS,RSPO Certified,PPB Oil Palms Berhad
Rimmer POM,5.0193,118.5715,MYS,RSPO Certified,Kuala Lumpur Kepong Berhad
Sabahmas POM,5.177211,118.405391,MYS,RSPO Certified,PPB Oil Palms Berhad
Sapi POM,5.734146,117.385942,MYS,RSPO Certified,PPB Oil Palms Berhad
Saremas 1 POM,3.525583,113.744128,MYS,RSPO Certified,PPB Oil Palms Berhad
Segaliud Palm Oil Mill,5.72,117.75,MYS,RSPO Certified,Sime Darby Plantation Sdn Bhd
Seri Pelangi POM,3.983333,101.133333,MYS,RSPO Certified,United Plantations Bhd
SOU 12 Jabor POM,3.932,103.304167,MYS,RSPO Certified,Sime Darby Plantation Sdn Bhd
SOU 13 Labu POM,2.748889,101.80475,MYS,RSPO Certified,Sime Darby Plantation Sdn Bhd
Malmaju Bina,5.1531,100.7306,MYS,None,Unknown
SOU 14 Tanah Merah,2.655303,101.792786,MYS,RSPO Certified,Sime Darby Plantation Sdn Bhd
SOU 15 - Sua Betong POM,2.528333,101.895278,MYS,RSPO Certified,Sime Darby Plantation Sdn Bhd
SOU 19A Yong Peng,2.058808,103.148394,MYS,RSPO Certified,Sime Darby Plantation Sdn Bhd
SOU 19 Nordanal Mill,2.183333,102.733333,MYS,RSPO Certified,Sime Darby Plantation Sdn Bhd
SOU 1 Sungai Dingin,5.4,100.666667,MYS,RSPO Certified,Sime Darby Plantation Sdn Bhd
SOU 20 Chaah,2.178013,102.996577,MYS,RSPO Certified,Sime Darby Plantation Sdn Bhd
SOU 27 (Melalap),5.25,116,MYS,RSPO Certified,Sime Darby Plantation Sdn Bhd
SOU 29 GIRAM,4.583333,118.2,MYS,RSPO Certified,Sime Darby Plantation Sdn Bhd
SOU 30A Jeleta Bumi,4.7046,117.9627,MYS,RSPO Certified,Sime Darby Plantation Sdn Bhd
SOU 30 Merotai POM,4.616667,118.383333,MYS,RSPO Certified,Sime Darby Plantation Sdn Bhd
SOU 31 Lavang POM,3.26024,113.67198,MYS,RSPO Certified,Sime Darby Plantation Sdn Bhd
SOU 32 Rajawali POM,3.40094,113.34773,MYS,RSPO Certified,Sime Darby Plantation Sdn Bhd
SOU 33 Derawan POM,3.390203,113.345417,MYS,RSPO Certified,Sime Darby Plantation Sdn Bhd
SOU 3 Elphil Mill,4.89,101.093611,MYS,RSPO Certified,Sime Darby Plantation Sdn Bhd
SOU 7 Bukit Kerayong,3.190161,101.37685,MYS,RSPO Certified,Sime Darby Plantation Sdn Bhd
SOU 8 East Mill,2.883333,101.436136,MYS,RSPO Certified,Sime Darby Plantation Sdn Bhd
SOU 9A Sepang Mill,2.678486,101.731956,MYS,RSPO Certified,Sime Darby Plantation Sdn Bhd
SOU 9 West Mill,2.916667,101.35,MYS,RSPO Certified,Sime Darby Plantation Sdn Bhd
Sri Kamusan Palm Oil Mill,6.203889,117.290833,MYS,RSPO Certified,PPB Oil Palms Berhad
Tunjuk Laut,1.966667,103.966667,MYS,RSPO Certified,Johor Corporation
Ulu Basir POM,3.7,101.25,MYS,RSPO Certified,United Plantations Bhd
Ulu bernam POM,3.75,101.116667,MYS,RSPO Certified,United Plantations Bhd
United International Enterprises POM,4.416667,100.666667,MYS,RSPO Certified,United Plantations Bhd
Wild Asia Sdn. Bhd. (Wild Asia Group Scheme),5.746,117.362,MYS,RSPO Certified,Wild Asia Sdn. Bhd. (Wild Asia Group Scheme)
Gusap Mill,-6.073194,145.984583,PNG,RSPO Certified,New Britain Palm Oil Ltd
Hagita POM,-10.316333,150.287,PNG,RSPO Certified,New Britain Palm Oil Ltd
Hargy Mill,-5.31111488,151.0109719,PNG,RSPO Certified,SIPEF Group
Kapiura,-5.62366,150.6844,PNG,RSPO Certified,New Britain Palm Oil Ltd
Kumbango,-5.59196,150.21211,PNG,RSPO Certified,New Britain Palm Oil Ltd
Mamba Mill,-8.769184,148.160793,PNG,RSPO Certified,New Britain Palm Oil Ltd
Mosa,-5.622468,150.23735,PNG,RSPO Certified,New Britain Palm Oil Ltd
Navo Mill,5.0941090000000004,151.224494,PNG,RSPO Certified,SIPEF Group
Numundo,-5.233512,150.033638,PNG,RSPO Certified,New Britain Palm Oil Ltd
SPKS,3.8067,101.0292,MYS,None,Unknown
Poliamba Mill,-2.874633,151.2763,PNG,RSPO Certified,New Britain Palm Oil Ltd
Sangara Mill,-8.743386,148.198705,PNG,RSPO Certified,New Britain Palm Oil Ltd
Waraston,-5.484085,150.086927,PNG,RSPO Certified,New Britain Palm Oil Ltd
Krabinoi Mill,8.055852,99.034998,THA,RSPO Certified,United Palm Oil Industry Public Company Limited (UPOIC)
Lamthap Mill,8.000322,99.330686,THA,RSPO Certified,Univanich Palm Oil Public Company Limited
Siam Mill,8.385822,98.729131,THA,RSPO Certified,Univanich Palm Oil Public Company Limited
Topi Mill,8.578792,98.920751,THA,RSPO Certified,Univanich Palm Oil Public Company Limited
Gunta Samba,1.2603,117.7085,IDN,None,Unknown
Steelindo Wahana Perkasa,-2.6987,108.0243,IDN,None,Unknown
Bukit Bintang Sawit,-1.3863,103.4955,IDN,None,Unknown
Coronation Palm Oil Mill,2.0063,103.3014,MYS,None,Unknown
Adimulia Agrolestari,-0.109,101.3868,IDN,None,Unknown
Ganda Buanindo,0.0062,101.2375,IDN,None,Unknown
Langgam Inti Hibrindo,0.3036,101.9048,IDN,None,Unknown
Multi Agro Sentosa,0.7767,100.8901,IDN,None,Unknown
Nagamas Agro Mulia,1.3011,100.3977,IDN,None,Unknown
Sewangi Sawit Sejahtera,0.5821,101.0872,IDN,None,Unknown
Citra Riau Sarana,-0.2134,101.4743,IDN,None,Unknown
GIRAM OIL MILL,4.6863,118.2519,MYS,None,Unknown
Kian Hoe Plantations,2.0107,103.2823,MYS,None,Unknown
Lenga Palm Oil Industries,2.2712,102.533,MYS,None,Unknown
Hargy,-5.3167,151.0333,PNG,None,Unknown
Kilang Sawit PPNJ Kahang,2.1714,103.4797,MYS,None,Unknown
Kerdau Palm Oil Mill,3.634,102.4065,MYS,None,Unknown
Tennamaram Palm Oil Mill,3.3724,101.3658,MYS,None,Unknown
Bukit Kerayong Palm Oil Mill,3.1859,101.3693,MYS,None,Unknown
Bukit Puteri Palm Oil Mill,4.2048,101.7752,MYS,None,Unknown
Sarawak Plantation Agriculture Development (Niah Mill),4.4056,113.9922,MYS,None,Unknown
Bau Palm Oil Mill,1.4901,109.9852,MYS,None,Unknown
Saratok Palm Oil Mill,1.7062,111.3844,MYS,None,Unknown
Melur Gemilang Palm Oil Mill,1.1862,110.9033,MYS,None,Unknown
Arah Bersama,3.8,113.75,MYS,None,Unknown
JT Oil Development,2.4945,111.3689,MYS,None,Unknown
Alambumi Palm Oil Mill,3.6563,113.7194,MYS,None,Unknown
Mukah Kilang Kelapa Sawit,2.9762,112.3815,MYS,None,Unknown
Tetangga Akrab Palm Oil Mill,1.0786,111.1389,MYS,None,Unknown
Seatex Development,3.7944,113.6308,MYS,None,Unknown
Hadapan Palm Oil Mill,1.8143,103.4798,MYS,None,Unknown
Sungai Terah Palm Oil Mill,4.9779,101.9551,MYS,None,Unknown
Taclico Company,5.5156,100.5507,MYS,None,Unknown
United Oil Palm Industries,5.2019,100.4621,MYS,None,Unknown
Wilmar Edible Oils,5.4168,100.3919,MYS,None,Unknown
Bakrie Sumatera Plantations,2.9995,99.2168,IDN,None,Unknown
Cisadane Sawit Raya,2.23,100.19,IDN,None,Unknown
Daya Labuhan Indah,2.286,100.1407,IDN,None,Unknown
Asam Jawa,1.9006,100.1866,IDN,None,Unknown
Kuala Mas Sawit Abadi,1.8122,100.0254,IDN,None,Unknown
Graha Dura Leidong Prima,2.5845,99.7844,IDN,None,Unknown
Tri Bahtera Srikandi,0.4643,99.3686,IDN,None,Unknown
Sibisa Mangatur,1.6061,100.2383,IDN,None,Unknown
Rantau Kasai,1.159,100.1915,IDN,None,Unknown
Saengsiri Agro-Industries Co. Ltd,9.1067,99.4062,THA,None,Unknown
S.P.O Agro-Industries Co. Ltd,9.0128,99.8571,THA,None,Unknown
Stable Win,2.4551,102.9867,MYS,None,Unknown
Genting Oil Mill,1.9808,103.2173,MYS,None,Unknown
Jeram Padang Mill,2.7333,102.4,MYS,None,Unknown
Sekarbumi Alamlestari Mill,0.7572,101.2031,IDN,None,Unknown
Sarawak  Land Consolidation & Rehabilitation Authorithy (Lubok Antu Mill),1.2336,111.4637,MYS,None,Unknown
Sei Lilin,1.6657,101.4476,IDN,None,Unknown
Kilang Kelapa Sawit Kemaman,4.2993,103.3854,MYS,None,Unknown
Kilang Kelapa Sawit Sedenak,1.4634,103.7547,MYS,None,Unknown
Sri Jelutung Palm Oil Mill,3.8022,103.3248,MYS,None,Unknown
Kilang Kelapa Sawit Felcra Seberang Perak,4.1733,100.9469,MYS,None,Unknown
Kilang Kelapa Sawit Lima Blas,2.9962,101.7873,MYS,None,Unknown
Kilang Kelapa Sawit Ulu Basir,3.7244,101.2558,MYS,None,Unknown
Kilang Kelapa Sawit Sungai Dingin,5.5044,100.6294,MYS,None,Unknown
Revenue Direction Palm Oil Mill,1.8024,103.6239,MYS,None,Unknown
Boustead Pelita Kanowit Oil Mill,2,112,MYS,None,Unknown
K.K.S Ulu Sembol,3.1923,101.6741,MYS,None,Unknown
K.K.S Tai Tak,1.6939,103.8586,MYS,None,Unknown
KKS Adela,4.0793,101.9758,MYS,None,Unknown
KKS Kulai,1.731,103.6445,MYS,None,Unknown
Chin Teck Plantations,2.4886,102.7303,MYS,None,Unknown
Kilang Kelapa Sawit Alaf,1.7189,103.7822,MYS,None,Unknown
Ban Dung Palm Oil Industries Sdn Bhd,2.0456,102.8798,MYS,None,Unknown
KKS Belitong,1.9375,103.4978,MYS,None,Unknown
KKS Bukit Besar,1.7657,103.6768,MYS,None,Unknown
Elite Palms Industries Sdn Bhd,5.6733,100.9183,MYS,None,Unknown
Kilang Kelapa Sawit Kemahang,5.8074,102.151,MYS,None,Unknown
Kilang Kelapa Sawit Paloh 3,4.9999,102.2748,MYS,None,Unknown
Endau Palm Oil Mill,2.7401,103.4974,MYS,None,Unknown
Kilang Kelapa Sawit Sri Lingga,2.374,102.2114,MYS,None,Unknown
Kilang Kelapa Sawit Serting,2.9004,102.446,MYS,None,Unknown
Kilang Kelapa Sawit Ulu Kanchong,2.5826,101.9979,MYS,None,Unknown
Kilang Kosfarm Sdn Bhd,2.9934,102.8198,MYS,None,Unknown
KKS Charuk Putting,3.4402,102.4912,MYS,None,Unknown
Kilang Kelapa Sawit Jerantut,3.8645,102.3457,MYS,None,Unknown
Wujud Wawasan,3.0339,102.8404,MYS,None,Unknown
Kilang Kelapa Sawit Felcra Maran,3.5586,102.6899,MYS,None,Unknown
KKS Keratong 9,2.9626,102.9763,MYS,None,Unknown
KKS Ladang Rompin,2.9116,102.7794,MYS,None,Unknown
Kilang Minyak Sawit Ulu Basir,4.197,101.2592,MYS,None,Unknown
Syarikat Cahaya Muda Perak (Oil Mil) Sdn Bhd,4.204,101.261,MYS,None,Unknown
KKS Besout,4.0002,101.3101,MYS,None,Unknown
Cheekah Kemayan,3.1486,102.4754,MYS,None,Unknown
KKS Changkat Cermin,2.8536,101.4301,MYS,None,Unknown
KKS Yee Lee Palm Oil Industries S/B,4.1097,101.2824,MYS,None,Unknown
KKS Ladang Gula,4.9787,100.4617,MYS,None,Unknown
Kilang Kalapa Sawit Kalumpang,5.3108,100.4452,MYS,None,Unknown
Bukit Rotan Palm Oil Mills Sdn Bhd,3.3019,101.3005,MYS,None,Unknown
K.K.S Kampung Kuantan Bhd,3.3604,101.3069,MYS,None,Unknown
K.K.S Golconda,3.1386,101.3877,MYS,None,Unknown
Kilang Kelapa Sawit Minyak,3.4359,101.4744,MYS,None,Unknown
Prosper Palm Oil Mill,2.9855,102.4839,MYS,None,Unknown
Seri Ulu Langat Palm Oil Sdn Bhd,2.8527,101.6592,MYS,None,Unknown
K.K.S Jerangau Barat,4.9906,103.0676,MYS,None,Unknown
PERANAP,-0.5847,102.0194,IDN,None,Unknown
KKS SUNGAI BURUNG,4.4055,118.1405,MYS,None,Unknown
MAYVIN,5.5553,117.2264,MYS,None,Unknown
NAK PALM OIL MILL,5.9003,117.8543,MYS,None,Unknown
SEPAGAYA PALM OIL MILL,5.6516,118.1222,MYS,None,Unknown
Gan Teng Siew Realty,2.5925,101.9591,MYS,None,Unknown
KKS Nitar,2.4064,103.6564,MYS,None,Unknown
Kilang Kelapa Sawit Flemington,3.9014,100.8616,MYS,None,Unknown
Jeng Huat (Bahau) Realty,3.1044,102.4579,MYS,None,Unknown
Kilang Kelapa Sawit Eng Hong Sdn Bhd,2.8594,101.4766,MYS,None,Unknown
Kilang Kelapa Sawit Fermanagh,2.6469,101.7098,MYS,None,Unknown
Kilang Kelapa Sawit Sepang,2.8197,101.7337,MYS,None,Unknown
Kilang Kelapa Sawit Risda Durian Mas,4.7565,103.3997,MYS,None,Unknown
K.K.S.LUMADAN,5.3475,115.7273,MYS,None,Unknown
KILANG KELAPA SAWIT NIAH,4.2994,114.0284,MYS,None,Unknown
Ladang Petri Tenggara,1.8305,103.7246,MYS,None,Unknown
Kilang Kelapa Sawit Meru,3.7667,101.1,MYS,None,Unknown
Felcra Jaya Samarahan,1.4611,110.4312,MYS,None,Unknown
PT KALLISTA ALAM,3.8715,96.5818,IDN,None,Unknown
TENGGAROH,2.0922,103.8721,MYS,None,Unknown
TENGGAROH TIMUR,2.1628,103.9122,MYS,None,Unknown
Ladang Tai Tak (Kota Tinggi),1.7434,103.9017,MYS,None,Unknown
PT BANGUN SEMPURNA LESTARI JL .,2.717,97.917,IDN,None,Unknown
PT KARYA PRATAMA NIAGA JAYA JL .,3.3164,99.3138,IDN,None,Unknown
PT BEURATA SUBUR PERSADA,4.1253,96.3413,IDN,None,Unknown
PT SINAR LANGKAT PERKASA JL.,3.6208,98.4015,IDN,None,Unknown
PT CIPTA CHEMICAL MEDAN OIL,3.8542,98.3444,IDN,None,Unknown
PT SUMBER SAWIT JAYA LESTARI,2.7616,99.9584,IDN,None,Unknown
PT SAGO NAULI,0.4699,99.2234,IDN,None,Unknown
PT MUSTIKA AGUNG SAWIT SEJAHTERA Jl,1.29,101.2424,IDN,None,Unknown
EXTRACTORA CENTRAL S.A.,7.284,-73.6218,COL,None,Unknown
HACIENDA LA CABAÃ‘A S.A.,4.3012,-73.3564,COL,None,Unknown
TANJUNG,5.6443,118.3331,MYS,None,Unknown
Victory Eng Hoe Plantations,1.7891,103.3641,MYS,None,Unknown
MALSA,5.7811,117.6587,MYS,None,Unknown
EXTRACTORA LA PAZ S.A.,3.7177,-73.248,COL,None,Unknown
Multi Prima Entakai,0.0594,110.7497,IDN,None,Unknown
KIM LOONG PALM OIL MILLS  SDN BHD,1.8077,103.9616,MYS,None,Unknown
Pujud Karya Sawit,1.0249,100.5278,IDN,None,Unknown
PTPN V (Tanah Putih),1.74,100.51,IDN,None,Unknown
KILANG KELAPA SAWIT SIANG,1.5454,104.2093,MYS,None,Unknown
PTPN V (Tanjung Medan),1.58,100.58,IDN,None,Unknown
Vila Sutera,3.846,103.3299,MYS,None,Unknown
PROLIFIC,5.6982,117.7864,MYS,None,Unknown
PTPN V (Sei Buantan),0.6727,102.0169,IDN,None,Unknown
TANAH,5.648,117.2942,MYS,None,Unknown
LUMADAN,5.2553,115.6567,MYS,None,Unknown
PT GANDAERAH POM,-0.1538,102.2182,IDN,None,Unknown
Arah Kawasan,5.5364,100.4313,MYS,None,Unknown
Kilang Isi Sawit (Felda),1.4506,103.906,MYS,None,Unknown
Kilang Kelapa Sawit Bukit Pasir Sdn. Bhd. (Hok Huat Oil Mills),2.1481,102.6488,MYS,None,Unknown
KLK Premier Oils Sdn Bhd,5.027,118.3417,MYS,None,Unknown
Central Palm Oil Mill,4.8557,100.7381,MYS,None,Unknown
Makmur Abadi Raya,3.8081,98.3419,IDN,None,Unknown
Palmatec Corporation de Costa Rica S.A,8.4212,-82.9686,CRI,None,Unknown
Elegant Palms,5.0078,100.5395,MYS,None,Unknown
GHANA OIL PALM DEVELOPMENT COMPANY LTD,6.26,-0.941,GHA,None,Unknown
Induspalma Dominicana,18.7254,-69.7641,DOM,None,Unknown
Ladang Tai Tak Sdn. Bhd,1.7218,103.8963,MYS,None,Unknown
Kilang Minyak Sawit Kamunting,4.8776,100.7289,MYS,None,Unknown
PTPN II ( Pagar Merbau),3.4202,98.7041,IDN,None,Unknown
Kilang Kelapa Sawit Lekir,4.15,100.7211,MYS,None,Unknown
Kumpulan Krisjati,4.7778,115.2768,MYS,None,Unknown
Bukit Barisan Indah Prima,-1.3396,103.4554,IDN,None,Unknown
Bell - KSL,2.4264,101.9576,MYS,None,Unknown
Minsawi Industries (K. Kangsar),4.8753,100.9059,MYS,None,Unknown
Bahari Gembira Ria,-1.7918,103.7935,IDN,None,Unknown
Murini Sam-Sam 2 (Pelintung),1.5848,101.593,IDN,None,Unknown
Samsam,0.9375,101.3002,IDN,None,Unknown
Syarikat Peladang & Perusahaan Minyak,3.9797,100.9906,MYS,None,Unknown
Gunung Tua Abadi,-3.8082,105.1718,IDN,None,Unknown
Perkebunan Mitra Ogan,-3.8965,104.3545,IDN,None,Unknown
Telaga Hikmah,-3.5986,105.06,IDN,None,Unknown
PT. United Kingdom Indonesia Plantations,3.4944,98.3972,IDN,None,Unknown
Anugerah Langkat Makmur,4.013,98.1942,IDN,None,Unknown
GEDONG BIARA MILL,4.2914,98.1522,IDN,None,Unknown
PT DJAJA PUTRA INDONESIA,2.6803,99.4276,IDN,None,Unknown
PT KEPOKRAJA,4.1861,98.0424,IDN,None,Unknown
Perak Agro Mills,4.1773,100.9461,MYS,None,Unknown
PT HERFINTA FARM & PLANTATION,1.8535,100.1656,IDN,None,Unknown
PT KENCANA AMAL TANI,3.5883,98.3056,IDN,None,Unknown
Nunukan Jaya Lestari,4.2075,117.2333,IDN,None,Unknown
Sanggam Kahuripan Indonesia,3.1155,117.2663,IDN,None,Unknown
Katingan Indah Utama,-2.115,112.7514,IDN,None,Unknown
Henrison Inti Persada,-1.1298,131.4754,IDN,None,Unknown
Kalimantan Sawit Abadi,-2.6062,111.6671,IDN,None,Unknown
Subut Mas Abadi,-2.5458,111.6184,IDN,None,Unknown
Synn Palm Oil,4.8296,100.7036,MYS,None,Unknown
KS SEROJA (JENGKA 18)-PAHANG,3.7685,102.5454,MYS,None,Unknown
Pelakar,-2.1853,102.6422,IDN,None,Unknown
Pangkalan Panji,-2.9492,104.466,IDN,None,Unknown
Bumi Sawit,3.0123,99.2356,IDN,None,Unknown
Muara Kandis,-2.9002,103.1764,IDN,None,Unknown
8 DEGREES NORTH,7.2,-2.1173,GHA,None,Unknown
Lam Soon (Thailand) PCL - Trang Plant,7.71,99.3205,THA,None,Unknown
United Palm Oil Industry Public Company Limited (UPOIC) - Krabinoi,8.1538,99.0219,THA,None,Unknown
Unico Desa Plantations,5.4303,118.5258,MYS,None,Unknown
KS KRAU-PAHANG,3.6472,101.9764,MYS,None,Unknown
KS MEMPAGA-PAHANG,3.38,101.58,MYS,None,Unknown
KS SERTING HILIR-N. SEMBILAN,2.9978,102.4781,MYS,None,Unknown
KS ARING B-KELANTAN,4.9364,102.4256,MYS,None,Unknown
Ladang Mill,5.6183,117.6453,MYS,None,Unknown
PKS Sei Buatan,0.6539,101.8648,IDN,None,Unknown
PKS Gunung Meliau,-0.1068,110.2928,IDN,None,Unknown
Kilang Kelapa Sawit Changkat Chermin,4.2753,100.7853,MYS,None,Unknown
Akrab Perkasa,5.8177,117.8688,MYS,None,Unknown
Kilang Kelapa Sawit Yee Lee Palm Oil Industries,4.0866,101.2786,MYS,None,Unknown
Kilang Kelapa Sawit United Int. Enterprise  (UIE),4.4477,100.7204,MYS,None,Unknown
CHINI 2 POM,3.3665,102.9313,MYS,None,Unknown
SELENDANG POM,2.7033,103.4401,MYS,None,Unknown
PEMBANGUNAN,5.7853,117.7011,MYS,None,Unknown
COINSU,15.7432,-87.8879,HND,None,Unknown
FRUPALMA S.A.,10.7044,-74.1948,COL,None,Unknown
PALMACEITE S.A.,10.6189,-74.1689,COL,None,Unknown
PALMAGRO S.A.,9.6515,-73.5663,COL,None,Unknown
PALMARIGUANI S.A.,9.936,-73.9441,COL,None,Unknown
Ever-Yield,5.646,117.328,MYS,None,Unknown
REPSA II,16.1397,-90.1658,GTM,None,Unknown
EXPORTADORA ATLANTICO,15.5813,-88.5648,GTM,None,Unknown
PATAXTE,15.3448,-89.2918,GTM,None,Unknown
Keningau Palm Oil  Mill,5.3346,116.0872,MYS,None,Unknown
PT. BERKAT SAWIT SEJAHTERA,0.2381,99.7036,IDN,None,Unknown
PT. FORTIUS AGRO ASIA,0.4772,100.7515,IDN,None,Unknown
PT. MANDIRI SAWIT BERSAMA,1.0736,99.9951,IDN,None,Unknown
Meridian Plantations,6.4738,117.5628,MYS,None,Unknown
INVERSORA DEL MAGDALENA & CIA S.A.,10.7222,-74.2,COL,None,Unknown
Agropecuaria Santa Maria S.A. San Martin,3.5159,-73.5583,COL,None,Unknown
Melangking Oil  Palm Plantation,5.639,118.1653,MYS,None,Unknown
Entrepalmas S.A.S.,3.5646,-73.5794,COL,None,Unknown
EPA Management,1.558,103.6421,MYS,None,Unknown
Beaufort Palm Oil Mill,5.3086,115.705,MYS,None,Unknown
KILANG SAWIRA MAKMUR SDN.BHD.,2.9676,103.0924,MYS,None,Unknown
Sook Oil  Mill,5.3263,116.4211,MYS,None,Unknown
COOPEAGROPAL EL ROBLE,8.4358,-82.9447,CRI,None,Unknown
COOPEMAPACHI,8.4433,-82.8505,PAN,None,Unknown
ALIANZA ORIENTAL S.A.,3.9951,-73.5808,COL,None,Unknown
GRADESA S.A.,11.0027,-74.2186,COL,None,Unknown
EXTRACTORA RIO COCA S.A.,-0.3825,-76.9955,ECU,None,Unknown
Kilang Kelapa Sawit Pinangah,4.5094,118.4129,MYS,None,Unknown
"EXTRACTORA LA FRANCIA, S. A.",15.468,-88.8042,GTM,None,Unknown
PELITA TINJAR,3.6889,114.1699,MYS,None,Unknown
QL Plantation,4.4765,118.1981,MYS,None,Unknown
SAMARAHAN JAYA,1.3906,110.4555,MYS,None,Unknown
GENTING JAMBONGANG,6.6597,117.3414,MYS,None,Unknown
PT ANUGRAH MULTI SAWITA,2.7066,99.6185,IDN,None,Unknown
Konsep Muktamad,4.2473,117.8824,MYS,None,Unknown
PT SUBUR ARUM MAKMUR SEMANANENEK MILL,0.8193,100.8875,IDN,None,Unknown
SI KIJANG,0.4144,101.6668,IDN,None,Unknown
SANDIKA NATA PALMA,-2.1699,110.6736,IDN,None,Unknown
DALU DALU,1.1785,100.2703,IDN,None,Unknown
SONTANG,1.06,100.7572,IDN,None,Unknown
TELEN,1.2478,117.6935,IDN,None,Unknown
ASIATIC SRI TANJUNG POM,5.423,118.2733,MYS,None,Unknown
PT DIVA PRATAMA SAKTI,0.5309,101.2232,IDN,None,Unknown
PT LUBUK BENDAHARA PALMA INDUSTRI,0.611,100.5547,IDN,None,Unknown
PT MASUBA CITRA MANDIRI,0.675,100.525,IDN,None,Unknown
Kilang Sawit Risda Sg Ambat,2.14,103.8715,MYS,None,Unknown
Winsome Harvest Palm Oil Mill,4.6186,118.2821,MYS,None,Unknown
SUNGAI BAHAR PACIFIC UTAMA,-1.5381,103.6328,IDN,None,Unknown
PERKEBUNAN NUSANTARA XIII PELAIHARI,-3.7255,114.7863,IDN,None,Unknown
NEGERI LAMA I,2.3597,100.0419,IDN,None,Unknown
Kilang Sawit Bukit Kepong Felcra Bhd,2.3437,102.8256,MYS,None,Unknown
Pukin Palm Oil Mill,2.7222,102.9112,MYS,None,Unknown
Achi Jaya Plantations,2.2515,103.0513,MYS,None,Unknown
Bell Palm Industries,1.9168,102.8918,MYS,None,Unknown
Dominion Square,2.3242,102.4828,MYS,None,Unknown
Dara Lam Soon,2.0228,103.2672,MYS,None,Unknown
Kilang Sawit Felcra Berhad Sg Melikai,4.3235,100.9383,MYS,None,Unknown
Pamol Plantation,2.0774,102.7185,MYS,None,Unknown
Coronation Palm Oil Mill,2.6009,102.6246,MYS,None,Unknown
Kilang Sawit Muar,3.8927,103.0996,MYS,None,Unknown
Diamond Jubilee Oil Mill,5.7064,117.5358,MYS,None,Unknown
Bukit Benut Oil Palm Mill,1.9311,103.3474,MYS,None,Unknown
Suburban Properties,3.8342,101.1745,MYS,None,Unknown
Endau Palm Oil Mill,4.9244,101.1051,MYS,None,Unknown
Prosper Palm Oil Mill,5.4238,118.1454,MYS,None,Unknown
Kilang Kelapa Sawit Bukit Pasir,2.7295,102.94,MYS,None,Unknown
Kilang Sawit Panji Alam,2.2912,102.9956,MYS,None,Unknown
Ladang Tai Tak (Kota Tinggi),4.1407,103.219,MYS,None,Unknown
Perusahaan Minyak Sawit Bintang,2.7999,102.7584,MYS,None,Unknown
Sungei Kahang Palm Oil,4.4041,100.8358,MYS,None,Unknown
Victory Eng Hoe Plantations,3.7922,101.3519,MYS,None,Unknown
Arah Kawasan,5.2788,100.6867,MYS,None,Unknown
Awan Timur Palm Oil Mill Resources (Perak),4.5931,100.7325,MYS,None,Unknown
Felcra Processing & Engineering,2.3882,103.8014,MYS,None,Unknown
Kilang Minyak Sawit Kamunting,4.6739,100.7071,MYS,None,Unknown
Ladang Serasa,1.8886,103.6218,MYS,None,Unknown
Kilang Kelapa Sawit Lekir,4.955,100.4689,MYS,None,Unknown
Syarikat Peladang & Perusahaan Minyak,4.1598,101.2819,MYS,None,Unknown
Pinehill Plantations (Malaysia),4.2516,100.6712,MYS,None,Unknown
Sungai Kerang Development,3.5253,113.3575,MYS,None,Unknown
Synn Palm Oil,3.0975,102.4267,MYS,None,Unknown
Tian Siang Oil Mill (Air Kuning),6.4661,117.5688,MYS,None,Unknown
Tian Siang Oil Mill (Perak),5.2181,118.0311,MYS,None,Unknown
Melewar Properties,5.2308,115.9863,MYS,None,Unknown
Sankina Oil Mill,4.9897,118.5551,MYS,None,Unknown
THP Sabaco  (Sg Tenegang Mill),1.9659,103.4343,MYS,None,Unknown
Koong Shing,2.0587,103.3616,MYS,None,Unknown
Pontian Fico Plantation,3.9683,101.0965,MYS,None,Unknown
Golden Elate,5.4901,117.9886,MYS,None,Unknown
Genting SDC (Trushidup Mill),5.9644,117.3744,MYS,None,Unknown
Genting SDC (Tanjung Mill),5.518,117.7088,MYS,None,Unknown
Manilal & Sons (Malaya),5.2078,100.4839,MYS,None,Unknown
Tradelift Indopalm,5.3047,118.3401,MYS,None,Unknown
Syarikat Kretam Mill,2.2319,103.526,MYS,None,Unknown
Sabahmas Plantation  (Ribubonus),8.5199,99.228,THA,None,Unknown
Berkat Setia,5.71,117.6208,MYS,None,Unknown
Prolific Yield,6.6752,116.9601,MYS,None,Unknown
Malsa Corporation,5.1748,100.6741,MYS,None,Unknown
Wee Tee Tong Palm Oil Mill,5.3364,116.9425,MYS,None,Unknown
Ever-Yield,2.1947,103.878,MYS,None,Unknown
Tanah Emas Oil Palm Processing,5.244,118.326,MYS,None,Unknown
Tanjung Panjang Palm Oil Mill,5.1541,118.2285,MYS,None,Unknown
Sabah Softwood,3.0772,103.1747,MYS,None,Unknown
TSH Plantations (Sabahan Mill),4.537,100.7187,MYS,None,Unknown
PTPN XIII (G. Meliau),-0.1161,110.2905,IDN,None,Unknown
Putra Bangka Mandiri,-2.1661,106.0045,IDN,None,Unknown
Agro Sarimas Indonesia,-0.5213,102.9207,IDN,None,Unknown
Bangun Tenera Riau,0.2885,101.4166,IDN,None,Unknown
Bina Sawit Nusantara,0.1663,101.3249,IDN,None,Unknown
Buditani Kembang Jaya,0.5428,101.5813,IDN,None,Unknown
Dwimitra Daya Riau,1.8139,100.3985,IDN,None,Unknown
Ekadura Indonesia,0.8843,100.6117,IDN,None,Unknown
Flora Wahana Tirta,0.137,101.2678,IDN,None,Unknown
Gandaerah Hendana,-0.1579,102.2059,IDN,None,Unknown
Gunung Mas Raya,1.5857,100.6765,IDN,None,Unknown
Guna Agung Semesta,1.0068,101.2731,IDN,None,Unknown
Intan Sejati Andalan,1.4304,101.2873,IDN,None,Unknown
Jatimjaya Perkasa,1.9474,100.7371,IDN,None,Unknown
Kimia Tirta Utama,0.6746,101.7289,IDN,None,Unknown
Lahan Tani Sakti,1.635,100.9577,IDN,None,Unknown
Meskom Agro Sarimas,1.5488,102.0885,IDN,None,Unknown
Mitra Bumi,0.7057,101.0055,IDN,None,Unknown
Multi Agro Sentosa,0.7708,100.8853,IDN,None,Unknown
Nagamas Agro Mulia,1.2797,100.3366,IDN,None,Unknown
Peputra Masterindo,0.5931,100.9902,IDN,None,Unknown
Rohul Sawit Industri,0.6833,100.5292,IDN,None,Unknown
Sawit Asahan Indah,0.7613,100.519,IDN,None,Unknown
Salim Ivomas Pratama - PKS Balam,1.6919,100.5585,IDN,None,Unknown
Surya Agrolika Reksa,-0.137,101.3908,IDN,None,Unknown
Tasma Puja,0.2737,101.2125,IDN,None,Unknown
Tunggal Perkasa Plantation,-0.3052,102.2732,IDN,None,Unknown
Dharma Wungu Guna,1.7652,100.4902,IDN,None,Unknown
Murini Samsam,1.0569,101.2402,IDN,None,Unknown
Sinarsiak Dianpermai,0.4494,101.6212,IDN,None,Unknown
SANDAKAN BAY OIL MILL,9.0844,99.4285,THA,None,Unknown
Suburmas Plantations,2.4889,102.9363,MYS,None,Unknown
Serian Palm Oil Mill,2.939,103.2438,MYS,None,Unknown
Wealth Leap (Harvard Master),3.7453,101.1459,MYS,None,Unknown
Binu Plantations,3.9417,114.0265,MYS,None,Unknown
Kumpulan Krisjati (Trusan),2.2112,103.2131,MYS,None,Unknown
Solar Green (Judan),5.5637,117.9003,MYS,None,Unknown
RH Lundu Palm Oil Mill,2.4656,111.9313,MYS,None,Unknown
PSS Oil Mill,2.8908,102.522,MYS,None,Unknown
Woodman Kuala Baram Estates (Semanok Mill),1.4376,103.9044,MYS,None,Unknown
Mukah Kilang Kelapa Sawit,4.9036,100.907,MYS,None,Unknown
Sachiew Plantation,6.2338,117.5288,MYS,None,Unknown
Emrpesa (M),5.0523,100.5156,MYS,None,Unknown
PT. Mopoli Raya,4.4538,96.1579,IDN,None,Unknown
Blang Ketumba,4.985,96.7,IDN,None,Unknown
Prima Palm Latex Industri,2.7831,99.254,IDN,None,Unknown
Sawita Inter Perkasa,2.799,99.4416,IDN,None,Unknown
Sintong Abadi,2.9239,99.7074,IDN,None,Unknown
Simpang Kanan Lestarindo,1.8514,100.2956,IDN,None,Unknown
Socfindo (Aek Loba),2.6514,99.6178,IDN,None,Unknown
Cinta Raja,3.217,98.781,IDN,None,Unknown
Serdang Tengah,3.3958,98.8553,IDN,None,Unknown
Tales Inti Sawit,3.3273,98.764,IDN,None,Unknown
Cisadane Sawit Raya,2.2406,100.1924,IDN,None,Unknown
Pangkatan Indonesia,2.1031,99.9477,IDN,None,Unknown
Sawitta Unggul Jaya,2.3335,100.0995,IDN,None,Unknown
Tolan Tiga Indonesia,2.0606,100.0817,IDN,None,Unknown
Perkebunan Milano,1,100,IDN,None,Unknown
Kencana Inti Perkasa,2.5675,99.5783,IDN,None,Unknown
Kwalaintan Sawitselatan,2.459,99.6379,IDN,None,Unknown
Lingga Tiga Sawit,2.2263,100.0819,IDN,None,Unknown
Karya Agung Sawita,1.0657,99.9631,IDN,None,Unknown
Sawitta Jaya Lau Pakam,3.2604,97.965,IDN,None,Unknown
Nauli Sawit,2.0865,98.3086,IDN,None,Unknown
Sinar Gunung Sawit Raya,2.1149,98.2656,IDN,None,Unknown
Saengsiri Agro-Industries Co. Ltd,6.3518,117.4793,MYS,None,Unknown
Semilar,-2.2481,112.3404,IDN,None,Unknown
Kilang Kelapa Sawit Felcra Bukit Kepong,2.7375,102.9106,MYS,None,Unknown
Kilang Kelapa Sawit Ladang Siang,6.0475,117.2197,MYS,None,Unknown
Kilang Kelapa Sawit Felcra Nasaruddin,2.3907,102.882,MYS,None,Unknown
Kilang Kelapa Sawit Felcra Seberang Perak,3.5709,102.6857,MYS,None,Unknown
Topaz Emas,5.4011,117.8847,MYS,None,Unknown
Kilang Kelapa Sawit Sungai Dingin,2.7785,102.9621,MYS,None,Unknown
Kilang Kelapa Sawit TRP,2.6663,102.807,MYS,None,Unknown
Boustead Emastulin (Segaria Mill),4.4816,118.3982,MYS,None,Unknown
Sari Aditya Loka-1,-1.9578,102.3727,IDN,None,Unknown
K.K.S Maokil,5.1094,102.897,MYS,None,Unknown
KKS Telok Sengat,5.1783,100.7167,MYS,None,Unknown
Kilang Kosfarm Sdn Bhd,1.5669,104.0449,MYS,None,Unknown
Seri Intan Palm Oil Mill,2.3096,103.5292,MYS,None,Unknown
K.K.S. LUBUK ANTU,3.5926,103.083,MYS,None,Unknown
Felcra Jaya Samarahan,4.1423,100.8389,MYS,None,Unknown
Rekahalus,3.9131,101.1988,MYS,None,Unknown
Kencana Sawit Indonesia,-1.4667,101.5129,IDN,None,Unknown
AMP Plantation,-0.1547,100.0292,IDN,None,Unknown
PT HUTA BAYU MARSADA,3.0638,99.3336,IDN,None,Unknown
PT FAJAR BAIZURY & BROTHERS,4.1162,96.4426,IDN,None,Unknown
PT SYAUKATH SEJAHTERA,5.2284,96.899,IDN,None,Unknown
PT SISIRAU,4.2036,98.0642,IDN,None,Unknown
KIM LOONG PALM OIL MILLS  SDN BHD,4.3744,103.3493,MYS,None,Unknown
PT HARAPAN JAYA SAWITA JL .,3.8631,98.4214,IDN,None,Unknown
PT KARYA MITRA ANDALAN,2.7846,99.6182,IDN,None,Unknown
PT DELIMA MAKMUR,2.2451,98.0285,IDN,None,Unknown
"ADEI PLANTATION & INDUSTRI, PT",1.0816,101.3275,IDN,None,Unknown
PT. SANDABI INDAH LESTARI,-3.3097,102.0926,IDN,None,Unknown
PT. Karya Tanah Subur,4.3497,96.1644,IDN,None,Unknown
PT. Perkebunan Lembah Bhakti,2.3169,97.9899,IDN,None,Unknown
Seong Thye Plantations Sdn. Bhd. (Rompin),3.9897,101.081,MYS,None,Unknown
U KERATONG,2.2435,102.4814,MYS,None,Unknown
Global Kalimantan Makmur,0.7298,110.4631,IDN,None,Unknown
Bintang Harapan Desa,-0.1123,110.3324,IDN,None,Unknown
Era Palmina,1.0787,100.0551,IDN,None,Unknown
Grahacipta Bangko Jaya,-2.081,102.4377,IDN,None,Unknown
Mazuma Agro Indonesia,1.1287,100.1545,IDN,None,Unknown
Maju Indo Raya,1.4093,98.8583,IDN,None,Unknown
Kebun Pantai Raja,-0.0575,101.2419,IDN,None,Unknown
PTPN V (Lubuk Datam),0.6074,101.7752,IDN,None,Unknown
Surya Inti Sari Raya,0.6305,101.5671,IDN,None,Unknown
Torusganda (Tambusai Timur),2.3822,99.8261,IDN,None,Unknown
Sumatra Jaya Agro Lestari(PKS Silaut),-2.3309,100.9953,IDN,None,Unknown
Rana Wastu Kencana,1.1418,109.3171,IDN,None,Unknown
Agronusa Investama,1.3526,109.5046,IDN,None,Unknown
Bumi Pratama Khatulistiwa,-0.0222,109.4249,IDN,None,Unknown
Buluh Cawang Plantation,-3.9486,104.9574,IDN,None,Unknown
Boswa Megalopolis,4.6983,95.6655,IDN,None,Unknown
Samudera Sawit Nabati,2.7667,97.9367,IDN,None,Unknown
Harkat Sejahtera,3.065,99.4283,IDN,None,Unknown
Jaya Baru Pertama,4.0652,98.2178,IDN,None,Unknown
Raya Padang Langkat,3.9465,98.3661,IDN,None,Unknown
Sawit Jaya Makmur Sentosa,4.0171,98.2124,IDN,None,Unknown
Serdang Cemerlang,3.7658,98.555,IDN,None,Unknown
Serdang Hulu,3.3495,98.4944,IDN,None,Unknown
Sumber Sawit Makmur,3.2705,99.2478,IDN,None,Unknown
Ensem Sawita,4.5228,97.9357,IDN,None,Unknown
Tenera Lestari,3.1639,99.4824,IDN,None,Unknown
Nafasindo,2.4359,97.9153,IDN,None,Unknown
Agrindo Indah Persada,2.7787,99.3934,IDN,None,Unknown
Campang Tiga,-3.7268,104.7745,IDN,None,Unknown
Karya Sawit Lestari,-2.8486,104.2655,IDN,None,Unknown
Pinago Utama,-2.7392,103.5685,IDN,None,Unknown
Suryabumi Agro Langgeng,-3.3381,103.9111,IDN,None,Unknown
Musi Banyuasin Indah,-2.627,103.8185,IDN,None,Unknown
Minanga Ogan,-4.0496,104.1982,IDN,None,Unknown
Permata Hijau Pasaman,1.0628,100.0715,IDN,None,Unknown
Gersindo Minang Plantation,0.121,99.7209,IDN,None,Unknown
Siak Prima Sakti,0.6512,101.7541,IDN,None,Unknown
Agrindo Indah Persada 3,-4.0103,102.4967,IDN,None,Unknown
Agrindo Indah Persada 2,-1.9639,102.3011,IDN,None,Unknown
Bumi Mentari Karya,0.6267,101.1386,IDN,None,Unknown
Perkebunan Pelalu Raya,-0.1004,100.049,IDN,None,Unknown
Agro Muko (PKS Muko-Muko),-2.6013,101.278,IDN,None,Unknown
Karya Sawitindo Mas,-3.7799,102.4018,IDN,None,Unknown
Tidar Kerinci Agung,-1.524,101.5519,IDN,None,Unknown
Anugerah Pelangi Sukses,-4.5632,103.1132,IDN,None,Unknown
Bakrie Pasaman Plantation,0.2299,99.4771,IDN,None,Unknown
Tribakti Sari Mas,-0.7282,101.6399,IDN,None,Unknown
Sapta Sentosa Jaya Abadi,-2.3857,101.1627,IDN,None,Unknown
Mutiara Agam,-0.3203,99.8773,IDN,None,Unknown
Palma Mas Sejati,-3.7779,102.369,IDN,None,Unknown
Batanghari Sawit Sejahtera,-1.3485,103.5431,IDN,None,Unknown
Sawit Anugrah Sejahtera,1.1517,101.2767,IDN,None,Unknown
Ricky Kurniawan Kertapersada,-1.4951,103.8612,IDN,None,Unknown
Petaling Mandraguna,-1.4444,103.6279,IDN,None,Unknown
Ciliandra Perkasa,0.1621,101.0549,IDN,None,Unknown
Meridian Sejati Surya Plant,0.538,101.7297,IDN,None,Unknown
Muriniwood Indah Industry,1.3938,101.3053,IDN,None,Unknown
Trimitra Lestari,-1.0687,103.1651,IDN,None,Unknown
Brahma Bina Bakti,-1.3467,103.328,IDN,None,Unknown
Bintara Tani Nusantara,0.3329,99.3828,IDN,None,Unknown
Inkud Agritama,-0.0613,100.0276,IDN,None,Unknown
Hindoli (PKS Sei Lilin),-2.6081,104.1253,IDN,None,Unknown
Cipta Futura,-3.46,103.7374,IDN,None,Unknown
Garuda Bumi Perkasa,-4.0299,105.1588,IDN,None,Unknown
Cahaya Cemerlang Lestari,-2.5358,104.1503,IDN,None,Unknown
Inti Indosawit Subur (PKS Tungkal),-1.3014,102.9794,IDN,None,Unknown
Inti Indosawit Subur (PKS Ukai II),-0.2232,102.095,IDN,None,Unknown
Inti Indosawit Subur (PKS Buatan II),0.4333,101.8323,IDN,None,Unknown
Surya Borneo Indah,-0.0389,110.1939,IDN,None,Unknown
Rezeki Kencana,-0.2664,109.2521,IDN,None,Unknown
Multi Jaya Perkasa,-0.0408,110.8088,IDN,None,Unknown
Erasakti Wira Forestama,-1.534,103.7247,IDN,None,Unknown
PT. Sinar Dinamika Kapuas,-0.3092,111.5968,IDN,None,Unknown
Mitra Austral Sejahtera,0.3591,110.4314,IDN,None,Unknown
BKT.KAPAH,4.3052,101.039,MYS,None,Unknown
PT. Kencana Andalan Nusantara,1.7837,100.3924,IDN,None,Unknown
Pratama Prosentindo,0.5544,109.8455,IDN,None,Unknown
Sinar Bengkulu Selatan,-4.3782,102.8406,IDN,None,Unknown
Selapan Jaya (Limau Mungkur),-3.7069,105.0967,IDN,None,Unknown
Mutiara Bunda Jaya,-3.942,105.1098,IDN,None,Unknown
Surya Panen Subur,3.8077,96.4947,IDN,None,Unknown
Sentosa Sejahtera Sejati,-2.6655,101.2998,IDN,None,Unknown
Sinar Kencana Inti Perkasa (Senakin),-2.8077,116.1863,IDN,None,Unknown
Sumber Kembang Jaya,3.7658,98.4074,IDN,None,Unknown
Cipta Agro Sejati,1.8712,100.431,IDN,None,Unknown
PT BINA RAHMAD MADANI,3.9319,98.1796,IDN,None,Unknown
PT JAYA PALMA NUSANTARA,3.9633,98.3628,IDN,None,Unknown
Pundi Lahan Khatulistiwa,-0.0208,109.5462,IDN,None,Unknown
Dharmasraya Lestarindo,-1.076,101.6636,IDN,None,Unknown
Citra Bumi Agro,0.9958,100.6169,IDN,None,Unknown
ANUGRAH FAJAR REZEKI,4.5743,97.9097,IDN,None,Unknown
JAMIKA RAYA,-1.4394,101.7509,IDN,None,Unknown
PALM TRIMITRA INDOTAMA,3.5419,98.7942,IDN,None,Unknown
KARYA SERASI JAYA ABADI,3.3423,99.2225,IDN,None,Unknown
SANG GUAN,5.2043,118.1341,MYS,None,Unknown
PT PERKEBUNAN MILANO PINANG AWAN POM,1.4733,100.1273,IDN,None,Unknown
unknown,2.8726,101.5417,MYS,None,Unknown
unknown,2.9865,102.927,MYS,None,Unknown
unknown,3.102,103.0361,MYS,None,Unknown
unknown,3.3367,103.1001,MYS,None,Unknown
unknown,1.7822,103.7628,MYS,None,Unknown
unknown,1.8561,103.2093,MYS,None,Unknown
unknown,3.4689,102.3142,MYS,None,Unknown
unknown,3.6318,102.7671,MYS,None,Unknown
unknown,3.9829,102.2224,MYS,None,Unknown
unknown,3.7668,101.856,MYS,None,Unknown
unknown,3.528,101.9812,MYS,None,Unknown
unknown,2.6383,103.0007,MYS,None,Unknown
unknown,3.672,102.9123,MYS,None,Unknown
unknown,4.2438,100.969,MYS,None,Unknown
unknown,2.8456,101.4677,MYS,None,Unknown
unknown,1.9448,100.1013,IDN,None,Unknown
unknown,5.4861,102.2209,MYS,None,Unknown
unknown,2.771,102.9148,MYS,None,Unknown
unknown,2.922,101.474,MYS,None,Unknown
unknown,9.5337,-84.2839,CRI,None,Unknown
unknown,9.4071,-84.0859,CRI,None,Unknown
unknown,3.2734,102.233,MYS,None,Unknown
unknown,4.3569,98.0911,IDN,None,Unknown
unknown,1.9747,102.8894,MYS,None,Unknown
unknown,2.6951,99.6185,IDN,None,Unknown
unknown,3.0333,99.35,IDN,None,Unknown
unknown,2.874,99.6327,IDN,None,Unknown
unknown,3.522,98.9425,IDN,None,Unknown
unknown,3.0882,101.412,MYS,None,Unknown
unknown,5.3372,118.4736,MYS,None,Unknown
unknown,3.1361,101.4081,MYS,None,Unknown
unknown,3.0746000000000002,101.4591,MYS,None,Unknown
unknown,1.1756,99.1558,IDN,None,Unknown
unknown,4.2162,100.6636,MYS,None,Unknown
unknown,3.133,101.3762,MYS,None,Unknown
unknown,4.4232,100.6734,MYS,None,Unknown
unknown,4.5596,97.9104,IDN,None,Unknown
unknown,4.2419,98.0514,IDN,None,Unknown
unknown,3.2039,99.4039,IDN,None,Unknown
unknown,3.7597,98.3933,IDN,None,Unknown
unknown,2.1,99.77,IDN,None,Unknown
unknown,2.3512,100.1092,IDN,None,Unknown
unknown,3.8889,96.5785,IDN,None,Unknown
unknown,4.06,96.262200000000007,IDN,None,Unknown
unknown,0.1506,101.9914,IDN,None,Unknown
unknown,3.1481,99.5564,IDN,None,Unknown
unknown,3.8516,98.2032,IDN,None,Unknown
unknown,3.6198,103.1606,MYS,None,Unknown
unknown,4.1025,101.3206,MYS,None,Unknown
unknown,5.0997,102.1758,MYS,None,Unknown
unknown,4.0561,101.1402,MYS,None,Unknown
unknown,3.9987,101.1673,MYS,None,Unknown
unknown,4.7107,100.7129,MYS,None,Unknown
unknown,4.1614,101.165,MYS,None,Unknown
unknown,1.1394,100.4086,IDN,None,Unknown
unknown,3.3962,101.418,MYS,None,Unknown
unknown,1.7309,103.5383,MYS,None,Unknown
unknown,3.4974,101.4674,MYS,None,Unknown
unknown,4.608,100.695,MYS,None,Unknown
unknown,4.8915,101.9749,MYS,None,Unknown
unknown,3.4107,102.5073,MYS,None,Unknown
unknown,3.6038,102.9182,MYS,None,Unknown
unknown,3.504,102.1823,MYS,None,Unknown
unknown,3.958,101.1911,MYS,None,Unknown
unknown,3.1036,101.3907,MYS,None,Unknown
unknown,2.8517,101.6501,MYS,None,Unknown
unknown,3.4657,102.5885,MYS,None,Unknown
unknown,3.8538,100.9683,MYS,None,Unknown
unknown,3.8897,100.9028,MYS,None,Unknown
unknown,2.8484,101.4631,MYS,None,Unknown
unknown,2.6503,101.6553,MYS,None,Unknown
unknown,4.593,103.2003,MYS,None,Unknown
unknown,1.4876,99.9634,IDN,None,Unknown
unknown,2.1653,103.0594,MYS,None,Unknown
unknown,8.6295,-83.0032,CRI,None,Unknown
unknown,2.616,102.8364,MYS,None,Unknown
unknown,0.7259,100.5788,IDN,None,Unknown
unknown,0.644,101.1097,IDN,None,Unknown
unknown,0.5788,100.7509,IDN,None,Unknown
unknown,-3.6444,102.2424,IDN,None,Unknown
unknown,3.7143,103.1243,MYS,None,Unknown
unknown,4.4496,101.0162,MYS,None,Unknown
unknown,4.2444,100.6735,MYS,None,Unknown
unknown,1.7672,103.3763,MYS,None,Unknown
unknown,3.0875,103.0586,MYS,None,Unknown
unknown,2.2435,103.1379,MYS,None,Unknown
unknown,1.7622,103.4487,MYS,None,Unknown
unknown,2.6793,103.5061,MYS,None,Unknown
unknown,2.9905,102.858,MYS,None,Unknown
unknown,4.648,100.695,MYS,None,Unknown
unknown,0.6589,100.8967,IDN,None,Unknown
unknown,5.5823,100.6302,MYS,None,Unknown
unknown,5.3951,100.71,MYS,None,Unknown
unknown,-1.0776,103.1094,IDN,None,Unknown
unknown,2.3812,103.671,MYS,None,Unknown
unknown,4.818,101.0887,MYS,None,Unknown
unknown,3.8945,100.9378,MYS,None,Unknown
unknown,6.7144,117.05,MYS,None,Unknown
unknown,2.8053,102.3994,MYS,None,Unknown
unknown,4.2828,114.0012,MYS,None,Unknown
unknown,2.5946,102.4134,MYS,None,Unknown
unknown,3.9103,101.8113,MYS,None,Unknown
unknown,2.8756,101.4995,MYS,None,Unknown
unknown,4.0612,97.9266,IDN,None,Unknown
unknown,3.3317,99.0433,IDN,None,Unknown
unknown,0.6388,101.9765,IDN,None,Unknown
unknown,1.6969,100.7018,IDN,None,Unknown
unknown,0.529,100.777,IDN,None,Unknown
unknown,0.3965,100.6132,IDN,None,Unknown
unknown,1.5211,103.9594,MYS,None,Unknown
unknown,2.4961,102.4769,MYS,None,Unknown
KILANG KELAPA SAWIT SAKILAN,5.8393,117.8437,MYS,RSPO Certified,Unknown
KKS Bukit Mendi,3.2058,102.3034,MYS,RSPO Certified,Unknown
K.K.S. SYARIMO,5.334,117.7813,MYS,RSPO Certified,Unknown
Rekahalus,5.7667,117.4637,MYS,RSPO Certified,Unknown
PT INDOMAKMUR SAWIT BERJAYA (PASIR PANGARAYAN) Jl,0.0747,102.0322,IDN,RSPO Certified,Unknown
PT ADEI PLANTATION & INDUSTRY (MANDAU) Jl,1.0822,101.3331,IDN,RSPO Certified,Unknown
PT SOCFIN INDONESIA (SEI LIPUT MILL),4.2319,98.0594,IDN,RSPO Certified,Unknown
Nagasakti,0.7832,101.0503,IDN,RSPO Certified,Unknown
Ujung Tanjung,0.9714,101.2633,IDN,RSPO Certified,Unknown
Hindoli,-2.6128,104.1282,IDN,RSPO Certified,Unknown
Aek Tarum,-3.8389,104.9716,IDN,RSPO Certified,Unknown
Swakarsa Sinarsentosa Mill,1.1237,116.8518,IDN,RSPO Certified,Unknown
Padang Halaban,2.3192,99.8394,IDN,RSPO Certified,Unknown
Langga Payung,1.6545,99.8869,IDN,RSPO Certified,Unknown
Ramarama,0.5335,101.0764,IDN,RSPO Certified,Unknown
Libo,0.9286,101.2064,IDN,RSPO Certified,Unknown
WAHA,1.7936,104.0753,MYS,RSPO Certified,Unknown
Kilang Kelapa Sawit Tanjong Malim,3.6943,101.4858,MYS,RSPO Certified,Unknown
Syarikat Pukin Ladang Kelapa Sawit,2.7189,102.908,MYS,RSPO Certified,Unknown
SEMENCHU POM,1.5783,104.1033,MYS,RSPO Certified,Unknown
PT ANEKA INTIPERSADA (TELUK SIAK),0.5914,101.6589,IDN,RSPO Certified,Unknown
PT PERKEBUNAN MILANO PINANG AWAN POM,1.8428,100.2031,IDN,RSPO Certified,Unknown
MUSTIKA SEMBULUH 1,-2.5905,112.5113,IDN,RSPO Certified,Unknown
PT PP LONDON SUMATRA INDONESIA TURANGIE MILL,3.4782,98.2677,IDN,RSPO Certified,Unknown
Temerloh Mill,4.403,103.248,MYS,RSPO Certified,Unknown
Kilang Kelapa Sawit Fortuna,3.1636,113.5997,MYS,RSPO Certified,Unknown
Sawit Sumbermas Sarana,-2.3056,111.6143,IDN,RSPO Certified,Unknown
Sahabat Mewah Dan Makmur,-2.9969,107.8767,IDN,RSPO Certified,Unknown
Buana Wiralestari Mas- PKS Kijang,0.8339,101.0443,IDN,RSPO Certified,Unknown
Meganusa Intisawit,-0.5706,102.3063,IDN,RSPO Certified,Unknown
Salim Ivomas Pratama - PKS Kayangan,1.6633,100.5903,IDN,RSPO Certified,Unknown
BINUANG OIL MILL,4.7042,118.0603,MYS,RSPO Certified,Unknown
Tetangga Akrab Palm Oil Mill,5.3081,102.9104,MYS,RSPO Certified,Unknown
Perkasa Subur Sakti,4.7081,97.8389,IDN,RSPO Certified,Unknown
Sekarbumi Alamlestari Mill,0.7579,101.2183,IDN,RSPO Certified,Unknown
Lian Hup Oil Mill,1.6336,104.2189,MYS,RSPO Certified,Unknown
Tania Selatan,-3.627,104.8695,IDN,RSPO Certified,Unknown
TANJUNG KEMBIRI MILL,-3.0313,107.7718,IDN,RSPO Certified,Unknown
Agro Muko (PKS Bunga Tanjung),-2.7164,101.3694,IDN,RSPO Certified,Unknown
Bina Sains Cemerlang,-2.9864,103.4073,IDN,RSPO Certified,Unknown
Guthrie Pecconina Indonesia,-2.9162,103.7508,IDN,RSPO Certified,Unknown
Inti Indosawit Subur (PKS Muara Bulian),-1.5851,103.2012,IDN,RSPO Certified,Unknown
Leidong West,-1.9014,105.4764,IDN,RSPO Certified,Unknown
Sime Indo Agro,0.268,110.4823,IDN,RSPO Certified,Unknown
unknown,2.7869,102.5045,MYS,RSPO Certified,Unknown
unknown,3.2692,102.5761,MYS,RSPO Certified,Unknown
unknown,10.9083,103.8275,KHM,RSPO Certified,Unknown
unknown,3.3463,102.5974,MYS,RSPO Certified,Unknown
unknown,2.735,102.4083,MYS,RSPO Certified,Unknown
unknown,1.7806,103.4686,MYS,RSPO Certified,Unknown
unknown,1.7036,100.1722,IDN,RSPO Certified,Unknown
unknown,3.2881,99.1106,IDN,RSPO Certified,Unknown
unknown,2.0667,100.0667,IDN,RSPO Certified,Unknown
unknown,3.1649,99.4303,IDN,RSPO Certified,Unknown
unknown,3.5311,99.0919,IDN,RSPO Certified,Unknown
unknown,1.8252,103.6408,MYS,RSPO Certified,Unknown
unknown,3.57,102.3101,MYS,RSPO Certified,Unknown
unknown,4.2012,101.8628,MYS,RSPO Certified,Unknown
unknown,1.9854,103.4623,MYS,RSPO Certified,Unknown
unknown,2.7,102.7833,MYS,RSPO Certified,Unknown
unknown,3.9694,100.9858,MYS,RSPO Certified,Unknown
unknown,-9.4425,160.2185,PNG,RSPO Certified,Unknown
unknown,1.8357,103.4621,MYS,RSPO Certified,Unknown
unknown,0.4344,101.825,IDN,RSPO Certified,Unknown
unknown,3.041,99.5814,IDN,RSPO Certified,Unknown
