Indicator,Year,Reported_Cases,Country,Source
"Antenatal care coverage - at least one visit, among girls aged 15-19 (%)",2005,NA,Indonesia,World Health Organization
"Antenatal care coverage - at least one visit, among girls aged 15-19 (%)",2010,NA,Indonesia,World Health Organization
"Antenatal care coverage - at least one visit, among girls aged 15-19 (%)",2004,NA,Indonesia,World Health Organization
"Antenatal care coverage - at least one visit, among girls aged 15-19 (%)",2003,NA,Indonesia,World Health Organization
"Antenatal care coverage - at least one visit, among girls aged 15-19 (%)",2002,NA,Indonesia,World Health Organization
"Antenatal care coverage - at least one visit, among girls aged 15-19 (%)",2012,NA,Indonesia,World Health Organization
"Antenatal care coverage - at least one visit, among girls aged 15-19 (%)",2008,NA,Indonesia,World Health Organization
"Antenatal care coverage - at least one visit, among girls aged 15-19 (%)",2015,NA,Indonesia,World Health Organization
"Antenatal care coverage - at least one visit, among girls aged 15-19 (%)",2014,NA,Indonesia,World Health Organization
"Antenatal care coverage - at least one visit, among girls aged 15-19 (%)",2013,NA,Indonesia,World Health Organization
"Antenatal care coverage - at least one visit, among girls aged 15-19 (%)",2006,NA,Indonesia,World Health Organization
"Antenatal care coverage - at least one visit, among girls aged 15-19 (%)",2011,NA,Indonesia,World Health Organization
"Antenatal care coverage - at least one visit, among girls aged 15-19 (%)",2009,NA,Indonesia,World Health Organization
"Antenatal care coverage - at least one visit, among girls aged 15-19 (%)",2007,90.8,Indonesia,World Health Organization
Antiretroviral therapy coverage among people with HIV infection eligible for ART according to 2010 guidelines (%),2015,NA,Indonesia,World Health Organization
Antiretroviral therapy coverage among people with HIV infection eligible for ART according to 2010 guidelines (%),2002,NA,Indonesia,World Health Organization
Antiretroviral therapy coverage among people with HIV infection eligible for ART according to 2010 guidelines (%),2003,NA,Indonesia,World Health Organization
Antiretroviral therapy coverage among people with HIV infection eligible for ART according to 2010 guidelines (%),2012,17 [12-25],Indonesia,World Health Organization
Antiretroviral therapy coverage among people with HIV infection eligible for ART according to 2010 guidelines (%),2005,NA,Indonesia,World Health Organization
Antiretroviral therapy coverage among people with HIV infection eligible for ART according to 2010 guidelines (%),2013,NA,Indonesia,World Health Organization
Antiretroviral therapy coverage among people with HIV infection eligible for ART according to 2010 guidelines (%),2014,NA,Indonesia,World Health Organization
Antiretroviral therapy coverage among people with HIV infection eligible for ART according to 2010 guidelines (%),2004,NA,Indonesia,World Health Organization
Antiretroviral therapy coverage among people with HIV infection eligible for ART according to 2010 guidelines (%),2011,NA,Indonesia,World Health Organization
Antiretroviral therapy coverage among people with HIV infection eligible for ART according to 2010 guidelines (%),2010,NA,Indonesia,World Health Organization
Antiretroviral therapy coverage among people with HIV infection eligible for ART according to 2010 guidelines (%),2006,NA,Indonesia,World Health Organization
Antiretroviral therapy coverage among people with HIV infection eligible for ART according to 2010 guidelines (%),2007,NA,Indonesia,World Health Organization
Antiretroviral therapy coverage among people with HIV infection eligible for ART according to 2010 guidelines (%),2008,NA,Indonesia,World Health Organization
Antiretroviral therapy coverage among people with HIV infection eligible for ART according to 2010 guidelines (%),2009,NA,Indonesia,World Health Organization
"Antiretroviral therapy coverage among people with advanced HIV infection (%), WHO 2006 guidelines",2004,NA,Indonesia,World Health Organization
"Antiretroviral therapy coverage among people with advanced HIV infection (%), WHO 2006 guidelines",2014,NA,Indonesia,World Health Organization
"Antiretroviral therapy coverage among people with advanced HIV infection (%), WHO 2006 guidelines",2007,NA,Indonesia,World Health Organization
"Antiretroviral therapy coverage among people with advanced HIV infection (%), WHO 2006 guidelines",2013,NA,Indonesia,World Health Organization
"Antiretroviral therapy coverage among people with advanced HIV infection (%), WHO 2006 guidelines",2011,NA,Indonesia,World Health Organization
"Antiretroviral therapy coverage among people with advanced HIV infection (%), WHO 2006 guidelines",2015,NA,Indonesia,World Health Organization
"Antiretroviral therapy coverage among people with advanced HIV infection (%), WHO 2006 guidelines",2008,NA,Indonesia,World Health Organization
"Antiretroviral therapy coverage among people with advanced HIV infection (%), WHO 2006 guidelines",2009,34 [24-58],Indonesia,World Health Organization
"Antiretroviral therapy coverage among people with advanced HIV infection (%), WHO 2006 guidelines",2010,NA,Indonesia,World Health Organization
"Antiretroviral therapy coverage among people with advanced HIV infection (%), WHO 2006 guidelines",2006,NA,Indonesia,World Health Organization
"Antiretroviral therapy coverage among people with advanced HIV infection (%), WHO 2006 guidelines",2012,NA,Indonesia,World Health Organization
"Antiretroviral therapy coverage among people with advanced HIV infection (%), WHO 2006 guidelines",2005,NA,Indonesia,World Health Organization
"Antiretroviral therapy coverage among people with advanced HIV infection (%), WHO 2006 guidelines",2002,NA,Indonesia,World Health Organization
"Antiretroviral therapy coverage among people with advanced HIV infection (%), WHO 2006 guidelines",2003,NA,Indonesia,World Health Organization
"Births attended by skilled health personnel, among girls aged 15-19 (%)",2009,NA,Indonesia,World Health Organization
"Births attended by skilled health personnel, among girls aged 15-19 (%)",2012,NA,Indonesia,World Health Organization
"Births attended by skilled health personnel, among girls aged 15-19 (%)",2005,NA,Indonesia,World Health Organization
"Births attended by skilled health personnel, among girls aged 15-19 (%)",2004,NA,Indonesia,World Health Organization
"Births attended by skilled health personnel, among girls aged 15-19 (%)",2003,NA,Indonesia,World Health Organization
"Births attended by skilled health personnel, among girls aged 15-19 (%)",2008,NA,Indonesia,World Health Organization
"Births attended by skilled health personnel, among girls aged 15-19 (%)",2011,NA,Indonesia,World Health Organization
"Births attended by skilled health personnel, among girls aged 15-19 (%)",2013,NA,Indonesia,World Health Organization
"Births attended by skilled health personnel, among girls aged 15-19 (%)",2007,62.6,Indonesia,World Health Organization
"Births attended by skilled health personnel, among girls aged 15-19 (%)",2014,NA,Indonesia,World Health Organization
"Births attended by skilled health personnel, among girls aged 15-19 (%)",2006,NA,Indonesia,World Health Organization
"Births attended by skilled health personnel, among girls aged 15-19 (%)",2015,NA,Indonesia,World Health Organization
"Births attended by skilled health personnel, among girls aged 15-19 (%)",2002,NA,Indonesia,World Health Organization
"Births attended by skilled health personnel, among girls aged 15-19 (%)",2010,NA,Indonesia,World Health Organization
Cellular subscribers (per 100 population),2015,NA,Indonesia,World Health Organization
Cellular subscribers (per 100 population),2010,92,Indonesia,World Health Organization
Cellular subscribers (per 100 population),2002,NA,Indonesia,World Health Organization
Cellular subscribers (per 100 population),2004,NA,Indonesia,World Health Organization
Cellular subscribers (per 100 population),2014,NA,Indonesia,World Health Organization
Cellular subscribers (per 100 population),2013,NA,Indonesia,World Health Organization
Cellular subscribers (per 100 population),2008,NA,Indonesia,World Health Organization
Cellular subscribers (per 100 population),2009,NA,Indonesia,World Health Organization
Cellular subscribers (per 100 population),2006,NA,Indonesia,World Health Organization
Cellular subscribers (per 100 population),2005,NA,Indonesia,World Health Organization
Cellular subscribers (per 100 population),2011,103,Indonesia,World Health Organization
Cellular subscribers (per 100 population),2012,114,Indonesia,World Health Organization
Cellular subscribers (per 100 population),2003,NA,Indonesia,World Health Organization
Cellular subscribers (per 100 population),2007,NA,Indonesia,World Health Organization
Children aged 6-59 months who received vitamin A supplementation (%),2009,NA,Indonesia,World Health Organization
Children aged 6-59 months who received vitamin A supplementation (%),2006,NA,Indonesia,World Health Organization
Children aged 6-59 months who received vitamin A supplementation (%),2008,NA,Indonesia,World Health Organization
Children aged 6-59 months who received vitamin A supplementation (%),2007,68.5,Indonesia,World Health Organization
Children aged 6-59 months who received vitamin A supplementation (%),2013,NA,Indonesia,World Health Organization
Children aged 6-59 months who received vitamin A supplementation (%),2004,NA,Indonesia,World Health Organization
Children aged 6-59 months who received vitamin A supplementation (%),2012,61.1,Indonesia,World Health Organization
Children aged 6-59 months who received vitamin A supplementation (%),2010,NA,Indonesia,World Health Organization
Children aged 6-59 months who received vitamin A supplementation (%),2011,NA,Indonesia,World Health Organization
Children aged 6-59 months who received vitamin A supplementation (%),2005,NA,Indonesia,World Health Organization
Children aged 6-59 months who received vitamin A supplementation (%),2015,NA,Indonesia,World Health Organization
Children aged 6-59 months who received vitamin A supplementation (%),2002,NA,Indonesia,World Health Organization
Children aged 6-59 months who received vitamin A supplementation (%),2003,NA,Indonesia,World Health Organization
Children aged 6-59 months who received vitamin A supplementation (%),2014,NA,Indonesia,World Health Organization
Children aged < 5 years with pneumonia symptoms taken to a healthcare provider (%),2011,NA,Indonesia,World Health Organization
Children aged < 5 years with pneumonia symptoms taken to a healthcare provider (%),2015,NA,Indonesia,World Health Organization
Children aged < 5 years with pneumonia symptoms taken to a healthcare provider (%),2014,NA,Indonesia,World Health Organization
Children aged < 5 years with pneumonia symptoms taken to a healthcare provider (%),2013,NA,Indonesia,World Health Organization
Children aged < 5 years with pneumonia symptoms taken to a healthcare provider (%),2009,NA,Indonesia,World Health Organization
Children aged < 5 years with pneumonia symptoms taken to a healthcare provider (%),2006,NA,Indonesia,World Health Organization
Children aged < 5 years with pneumonia symptoms taken to a healthcare provider (%),2004,NA,Indonesia,World Health Organization
Children aged < 5 years with pneumonia symptoms taken to a healthcare provider (%),2007,66,Indonesia,World Health Organization
Children aged < 5 years with pneumonia symptoms taken to a healthcare provider (%),2002,NA,Indonesia,World Health Organization
Children aged < 5 years with pneumonia symptoms taken to a healthcare provider (%),2012,75,Indonesia,World Health Organization
Children aged < 5 years with pneumonia symptoms taken to a healthcare provider (%),2003,NA,Indonesia,World Health Organization
Children aged < 5 years with pneumonia symptoms taken to a healthcare provider (%),2008,NA,Indonesia,World Health Organization
Children aged < 5 years with pneumonia symptoms taken to a healthcare provider (%),2005,NA,Indonesia,World Health Organization
Children aged < 5 years with pneumonia symptoms taken to a healthcare provider (%),2010,NA,Indonesia,World Health Organization
Children aged <5 years sleeping under insecticide-treated nets (%),2007,3.7 [3.0-4.3],Indonesia,World Health Organization
Children aged <5 years sleeping under insecticide-treated nets (%),2004,NA,Indonesia,World Health Organization
Children aged <5 years sleeping under insecticide-treated nets (%),2005,NA,Indonesia,World Health Organization
Children aged <5 years sleeping under insecticide-treated nets (%),2002,NA,Indonesia,World Health Organization
Children aged <5 years sleeping under insecticide-treated nets (%),2014,NA,Indonesia,World Health Organization
Children aged <5 years sleeping under insecticide-treated nets (%),2012,NA,Indonesia,World Health Organization
Children aged <5 years sleeping under insecticide-treated nets (%),2010,NA,Indonesia,World Health Organization
Children aged <5 years sleeping under insecticide-treated nets (%),2008,NA,Indonesia,World Health Organization
Children aged <5 years sleeping under insecticide-treated nets (%),2015,NA,Indonesia,World Health Organization
Children aged <5 years sleeping under insecticide-treated nets (%),2009,NA,Indonesia,World Health Organization
Children aged <5 years sleeping under insecticide-treated nets (%),2011,NA,Indonesia,World Health Organization
Children aged <5 years sleeping under insecticide-treated nets (%),2006,NA,Indonesia,World Health Organization
Children aged <5 years sleeping under insecticide-treated nets (%),2003,NA,Indonesia,World Health Organization
Children aged <5 years sleeping under insecticide-treated nets (%),2013,NA,Indonesia,World Health Organization
Children aged <5 years with ARI symptoms who took antibiotic treatment (%),2012,38.9,Indonesia,World Health Organization
Children aged <5 years with ARI symptoms who took antibiotic treatment (%),2008,NA,Indonesia,World Health Organization
Children aged <5 years with ARI symptoms who took antibiotic treatment (%),2010,NA,Indonesia,World Health Organization
Children aged <5 years with ARI symptoms who took antibiotic treatment (%),2005,NA,Indonesia,World Health Organization
Children aged <5 years with ARI symptoms who took antibiotic treatment (%),2002,NA,Indonesia,World Health Organization
Children aged <5 years with ARI symptoms who took antibiotic treatment (%),2003,NA,Indonesia,World Health Organization
Children aged <5 years with ARI symptoms who took antibiotic treatment (%),2006,NA,Indonesia,World Health Organization
Children aged <5 years with ARI symptoms who took antibiotic treatment (%),2009,NA,Indonesia,World Health Organization
Children aged <5 years with ARI symptoms who took antibiotic treatment (%),2015,NA,Indonesia,World Health Organization
Children aged <5 years with ARI symptoms who took antibiotic treatment (%),2013,NA,Indonesia,World Health Organization
Children aged <5 years with ARI symptoms who took antibiotic treatment (%),2014,NA,Indonesia,World Health Organization
Children aged <5 years with ARI symptoms who took antibiotic treatment (%),2007,NA,Indonesia,World Health Organization
Children aged <5 years with ARI symptoms who took antibiotic treatment (%),2004,NA,Indonesia,World Health Organization
Children aged <5 years with ARI symptoms who took antibiotic treatment (%),2011,NA,Indonesia,World Health Organization
Children aged <5 years with diarrhoea receiving ORT (%),2014,NA,Indonesia,World Health Organization
Children aged <5 years with diarrhoea receiving ORT (%),2009,NA,Indonesia,World Health Organization
Children aged <5 years with diarrhoea receiving ORT (%),2003,NA,Indonesia,World Health Organization
Children aged <5 years with diarrhoea receiving ORT (%),2008,NA,Indonesia,World Health Organization
Children aged <5 years with diarrhoea receiving ORT (%),2005,NA,Indonesia,World Health Organization
Children aged <5 years with diarrhoea receiving ORT (%),2007,46.1,Indonesia,World Health Organization
Children aged <5 years with diarrhoea receiving ORT (%),2012,46.8,Indonesia,World Health Organization
Children aged <5 years with diarrhoea receiving ORT (%),2002,NA,Indonesia,World Health Organization
Children aged <5 years with diarrhoea receiving ORT (%),2011,NA,Indonesia,World Health Organization
Children aged <5 years with diarrhoea receiving ORT (%),2004,NA,Indonesia,World Health Organization
Children aged <5 years with diarrhoea receiving ORT (%),2010,NA,Indonesia,World Health Organization
Children aged <5 years with diarrhoea receiving ORT (%),2006,NA,Indonesia,World Health Organization
Children aged <5 years with diarrhoea receiving ORT (%),2013,NA,Indonesia,World Health Organization
Children aged <5 years with diarrhoea receiving ORT (%),2015,NA,Indonesia,World Health Organization
Civil registration coverage of births (%),2015,NA,Indonesia,World Health Organization
Civil registration coverage of births (%),2007,53.1,Indonesia,World Health Organization
Civil registration coverage of births (%),2009,NA,Indonesia,World Health Organization
Civil registration coverage of births (%),2010,NA,Indonesia,World Health Organization
Civil registration coverage of births (%),2006,NA,Indonesia,World Health Organization
Civil registration coverage of births (%),2003,NA,Indonesia,World Health Organization
Civil registration coverage of births (%),2011,NA,Indonesia,World Health Organization
Civil registration coverage of births (%),2008,NA,Indonesia,World Health Organization
Civil registration coverage of births (%),2002,NA,Indonesia,World Health Organization
Civil registration coverage of births (%),2004,NA,Indonesia,World Health Organization
Civil registration coverage of births (%),2014,NA,Indonesia,World Health Organization
Civil registration coverage of births (%),2012,66.6,Indonesia,World Health Organization
Civil registration coverage of births (%),2005,NA,Indonesia,World Health Organization
Civil registration coverage of births (%),2013,68.5,Indonesia,World Health Organization
Congenital Rubella Syndrome - number of reported cases,2005,NA,Indonesia,World Health Organization
Congenital Rubella Syndrome - number of reported cases,2009,NA,Indonesia,World Health Organization
Congenital Rubella Syndrome - number of reported cases,2012,NA,Indonesia,World Health Organization
Congenital Rubella Syndrome - number of reported cases,2008,NA,Indonesia,World Health Organization
Congenital Rubella Syndrome - number of reported cases,2006,NA,Indonesia,World Health Organization
Congenital Rubella Syndrome - number of reported cases,2007,NA,Indonesia,World Health Organization
Congenital Rubella Syndrome - number of reported cases,2011,NA,Indonesia,World Health Organization
Congenital Rubella Syndrome - number of reported cases,2004,NA,Indonesia,World Health Organization
Congenital Rubella Syndrome - number of reported cases,2015,44,Indonesia,World Health Organization
Congenital Rubella Syndrome - number of reported cases,2014,NA,Indonesia,World Health Organization
Congenital Rubella Syndrome - number of reported cases,2010,NA,Indonesia,World Health Organization
Congenital Rubella Syndrome - number of reported cases,2013,NA,Indonesia,World Health Organization
Congenital Rubella Syndrome - number of reported cases,2003,NA,Indonesia,World Health Organization
Congenital Rubella Syndrome - number of reported cases,2002,NA,Indonesia,World Health Organization
Contraceptive prevalence (%),2002,NA,Indonesia,World Health Organization
Contraceptive prevalence (%),2010,NA,Indonesia,World Health Organization
Contraceptive prevalence (%),2009,NA,Indonesia,World Health Organization
Contraceptive prevalence (%),2006,NA,Indonesia,World Health Organization
Contraceptive prevalence (%),2003,NA,Indonesia,World Health Organization
Contraceptive prevalence (%),2013,NA,Indonesia,World Health Organization
Contraceptive prevalence (%),2012,61.9,Indonesia,World Health Organization
Contraceptive prevalence (%),2004,NA,Indonesia,World Health Organization
Contraceptive prevalence (%),2015,NA,Indonesia,World Health Organization
Contraceptive prevalence (%),2011,NA,Indonesia,World Health Organization
Contraceptive prevalence (%),2005,NA,Indonesia,World Health Organization
Contraceptive prevalence (%),2008,NA,Indonesia,World Health Organization
Contraceptive prevalence (%),2014,NA,Indonesia,World Health Organization
Contraceptive prevalence (%),2007,61.4,Indonesia,World Health Organization
"Contraceptive prevalence, among girls aged 15-19 (%)",2012,NA,Indonesia,World Health Organization
"Contraceptive prevalence, among girls aged 15-19 (%)",2010,NA,Indonesia,World Health Organization
"Contraceptive prevalence, among girls aged 15-19 (%)",2015,NA,Indonesia,World Health Organization
"Contraceptive prevalence, among girls aged 15-19 (%)",2009,NA,Indonesia,World Health Organization
"Contraceptive prevalence, among girls aged 15-19 (%)",2005,NA,Indonesia,World Health Organization
"Contraceptive prevalence, among girls aged 15-19 (%)",2006,NA,Indonesia,World Health Organization
"Contraceptive prevalence, among girls aged 15-19 (%)",2004,NA,Indonesia,World Health Organization
"Contraceptive prevalence, among girls aged 15-19 (%)",2002,NA,Indonesia,World Health Organization
"Contraceptive prevalence, among girls aged 15-19 (%)",2007,46.8,Indonesia,World Health Organization
"Contraceptive prevalence, among girls aged 15-19 (%)",2014,NA,Indonesia,World Health Organization
"Contraceptive prevalence, among girls aged 15-19 (%)",2008,NA,Indonesia,World Health Organization
"Contraceptive prevalence, among girls aged 15-19 (%)",2013,NA,Indonesia,World Health Organization
"Contraceptive prevalence, among girls aged 15-19 (%)",2003,NA,Indonesia,World Health Organization
"Contraceptive prevalence, among girls aged 15-19 (%)",2011,NA,Indonesia,World Health Organization
Deaths due to HIV/AIDS (per 100 000 population),2015,NA,Indonesia,World Health Organization
Deaths due to HIV/AIDS (per 100 000 population),2013,NA,Indonesia,World Health Organization
Deaths due to HIV/AIDS (per 100 000 population),2003,NA,Indonesia,World Health Organization
Deaths due to HIV/AIDS (per 100 000 population),2010,NA,Indonesia,World Health Organization
Deaths due to HIV/AIDS (per 100 000 population),2004,NA,Indonesia,World Health Organization
Deaths due to HIV/AIDS (per 100 000 population),2002,NA,Indonesia,World Health Organization
Deaths due to HIV/AIDS (per 100 000 population),2014,NA,Indonesia,World Health Organization
Deaths due to HIV/AIDS (per 100 000 population),2011,NA,Indonesia,World Health Organization
Deaths due to HIV/AIDS (per 100 000 population),2008,NA,Indonesia,World Health Organization
Deaths due to HIV/AIDS (per 100 000 population),2012,11,Indonesia,World Health Organization
Deaths due to HIV/AIDS (per 100 000 population),2009,NA,Indonesia,World Health Organization
Deaths due to HIV/AIDS (per 100 000 population),2006,NA,Indonesia,World Health Organization
Deaths due to HIV/AIDS (per 100 000 population),2007,NA,Indonesia,World Health Organization
Deaths due to HIV/AIDS (per 100 000 population),2005,NA,Indonesia,World Health Organization
Deaths due to tuberculosis among HIV-negative people (per 100 000 population),2008,56 [53-59],Indonesia,World Health Organization
Deaths due to tuberculosis among HIV-negative people (per 100 000 population),2015,44 [41-47],Indonesia,World Health Organization
Deaths due to tuberculosis among HIV-negative people (per 100 000 population),2009,54 [51-57],Indonesia,World Health Organization
Deaths due to tuberculosis among HIV-negative people (per 100 000 population),2007,57 [54-60],Indonesia,World Health Organization
Deaths due to tuberculosis among HIV-negative people (per 100 000 population),2003,64 [60-69],Indonesia,World Health Organization
Deaths due to tuberculosis among HIV-negative people (per 100 000 population),2006,60 [57-63],Indonesia,World Health Organization
Deaths due to tuberculosis among HIV-negative people (per 100 000 population),2004,62 [58-66],Indonesia,World Health Organization
Deaths due to tuberculosis among HIV-negative people (per 100 000 population),2005,61 [58-65],Indonesia,World Health Organization
Deaths due to tuberculosis among HIV-negative people (per 100 000 population),2002,66 [61-71],Indonesia,World Health Organization
Deaths due to tuberculosis among HIV-negative people (per 100 000 population),2010,51 [48-54],Indonesia,World Health Organization
Deaths due to tuberculosis among HIV-negative people (per 100 000 population),2012,49 [46-52],Indonesia,World Health Organization
Deaths due to tuberculosis among HIV-negative people (per 100 000 population),2014,46 [43-48],Indonesia,World Health Organization
Deaths due to tuberculosis among HIV-negative people (per 100 000 population),2013,47 [45-50],Indonesia,World Health Organization
Deaths due to tuberculosis among HIV-negative people (per 100 000 population),2011,51 [48-53],Indonesia,World Health Organization
Diphtheria - number of reported cases,2007,183,Indonesia,World Health Organization
Diphtheria - number of reported cases,2004,197,Indonesia,World Health Organization
Diphtheria - number of reported cases,2003,402,Indonesia,World Health Organization
Diphtheria - number of reported cases,2011,806,Indonesia,World Health Organization
Diphtheria - number of reported cases,2005,499,Indonesia,World Health Organization
Diphtheria - number of reported cases,2014,430,Indonesia,World Health Organization
Diphtheria - number of reported cases,2008,219,Indonesia,World Health Organization
Diphtheria - number of reported cases,2015,NA,Indonesia,World Health Organization
Diphtheria - number of reported cases,2012,1192,Indonesia,World Health Organization
Diphtheria - number of reported cases,2010,432,Indonesia,World Health Organization
Diphtheria - number of reported cases,2002,51,Indonesia,World Health Organization
Diphtheria - number of reported cases,2006,432,Indonesia,World Health Organization
Diphtheria - number of reported cases,2009,189,Indonesia,World Health Organization
Diphtheria - number of reported cases,2013,775,Indonesia,World Health Organization
Gross national income per capita (PPP int. $),2008,6880,Indonesia,World Health Organization
Gross national income per capita (PPP int. $),2012,8740,Indonesia,World Health Organization
Gross national income per capita (PPP int. $),2014,NA,Indonesia,World Health Organization
Gross national income per capita (PPP int. $),2002,4240,Indonesia,World Health Organization
Gross national income per capita (PPP int. $),2005,5520,Indonesia,World Health Organization
Gross national income per capita (PPP int. $),2015,NA,Indonesia,World Health Organization
Gross national income per capita (PPP int. $),2003,4880,Indonesia,World Health Organization
Gross national income per capita (PPP int. $),2013,NA,Indonesia,World Health Organization
Gross national income per capita (PPP int. $),2004,5150,Indonesia,World Health Organization
Gross national income per capita (PPP int. $),2006,5960,Indonesia,World Health Organization
Gross national income per capita (PPP int. $),2011,8190,Indonesia,World Health Organization
Gross national income per capita (PPP int. $),2007,6420,Indonesia,World Health Organization
Gross national income per capita (PPP int. $),2010,7650,Indonesia,World Health Organization
Gross national income per capita (PPP int. $),2009,7160,Indonesia,World Health Organization
H5N1 influenza - number of reported cases,2012,9,Indonesia,World Health Organization
H5N1 influenza - number of reported cases,2004,NA,Indonesia,World Health Organization
H5N1 influenza - number of reported cases,2003,NA,Indonesia,World Health Organization
H5N1 influenza - number of reported cases,2007,NA,Indonesia,World Health Organization
H5N1 influenza - number of reported cases,2015,NA,Indonesia,World Health Organization
H5N1 influenza - number of reported cases,2005,NA,Indonesia,World Health Organization
H5N1 influenza - number of reported cases,2011,12,Indonesia,World Health Organization
H5N1 influenza - number of reported cases,2014,NA,Indonesia,World Health Organization
H5N1 influenza - number of reported cases,2013,NA,Indonesia,World Health Organization
H5N1 influenza - number of reported cases,2010,NA,Indonesia,World Health Organization
H5N1 influenza - number of reported cases,2002,NA,Indonesia,World Health Organization
H5N1 influenza - number of reported cases,2006,NA,Indonesia,World Health Organization
H5N1 influenza - number of reported cases,2009,NA,Indonesia,World Health Organization
H5N1 influenza - number of reported cases,2008,NA,Indonesia,World Health Organization
Hospital beds (per 10 000 population),2011,NA,Indonesia,World Health Organization
Hospital beds (per 10 000 population),2009,NA,Indonesia,World Health Organization
Hospital beds (per 10 000 population),2012,NA,Indonesia,World Health Organization
Hospital beds (per 10 000 population),2014,NA,Indonesia,World Health Organization
Hospital beds (per 10 000 population),2013,NA,Indonesia,World Health Organization
Hospital beds (per 10 000 population),2010,6,Indonesia,World Health Organization
Hospital beds (per 10 000 population),2008,NA,Indonesia,World Health Organization
Hospital beds (per 10 000 population),2004,NA,Indonesia,World Health Organization
Hospital beds (per 10 000 population),2002,NA,Indonesia,World Health Organization
Hospital beds (per 10 000 population),2003,NA,Indonesia,World Health Organization
Hospital beds (per 10 000 population),2007,NA,Indonesia,World Health Organization
Hospital beds (per 10 000 population),2005,NA,Indonesia,World Health Organization
Hospital beds (per 10 000 population),2006,NA,Indonesia,World Health Organization
Hospital beds (per 10 000 population),2015,12,Indonesia,World Health Organization
Japanese encephalitis - number of reported cases,2009,NA,Indonesia,World Health Organization
Japanese encephalitis - number of reported cases,2005,NA,Indonesia,World Health Organization
Japanese encephalitis - number of reported cases,2011,NA,Indonesia,World Health Organization
Japanese encephalitis - number of reported cases,2015,40,Indonesia,World Health Organization
Japanese encephalitis - number of reported cases,2007,NA,Indonesia,World Health Organization
Japanese encephalitis - number of reported cases,2010,NA,Indonesia,World Health Organization
Japanese encephalitis - number of reported cases,2003,NA,Indonesia,World Health Organization
Japanese encephalitis - number of reported cases,2008,NA,Indonesia,World Health Organization
Japanese encephalitis - number of reported cases,2014,72,Indonesia,World Health Organization
Japanese encephalitis - number of reported cases,2006,NA,Indonesia,World Health Organization
Japanese encephalitis - number of reported cases,2012,NA,Indonesia,World Health Organization
Japanese encephalitis - number of reported cases,2002,NA,Indonesia,World Health Organization
Japanese encephalitis - number of reported cases,2004,NA,Indonesia,World Health Organization
Japanese encephalitis - number of reported cases,2013,NA,Indonesia,World Health Organization
Malaria - number of reported confirmed cases,2014,252027,Indonesia,World Health Organization
Malaria - number of reported confirmed cases,2010,465764,Indonesia,World Health Organization
Malaria - number of reported confirmed cases,2006,347597,Indonesia,World Health Organization
Malaria - number of reported confirmed cases,2007,311789,Indonesia,World Health Organization
Malaria - number of reported confirmed cases,2002,273793,Indonesia,World Health Organization
Malaria - number of reported confirmed cases,2009,272491,Indonesia,World Health Organization
Malaria - number of reported confirmed cases,2003,223074,Indonesia,World Health Organization
Malaria - number of reported confirmed cases,2004,304936,Indonesia,World Health Organization
Malaria - number of reported confirmed cases,2008,349231,Indonesia,World Health Organization
Malaria - number of reported confirmed cases,2012,417819,Indonesia,World Health Organization
Malaria - number of reported confirmed cases,2013,343527,Indonesia,World Health Organization
Malaria - number of reported confirmed cases,2015,217025,Indonesia,World Health Organization
Malaria - number of reported confirmed cases,2011,422447,Indonesia,World Health Organization
Malaria - number of reported confirmed cases,2005,437323,Indonesia,World Health Organization
Malaria - number of reported deaths,2011,388,Indonesia,World Health Organization
Malaria - number of reported deaths,2004,508,Indonesia,World Health Organization
Malaria - number of reported deaths,2009,900,Indonesia,World Health Organization
Malaria - number of reported deaths,2002,NA,Indonesia,World Health Organization
Malaria - number of reported deaths,2012,252,Indonesia,World Health Organization
Malaria - number of reported deaths,2006,494,Indonesia,World Health Organization
Malaria - number of reported deaths,2005,88,Indonesia,World Health Organization
Malaria - number of reported deaths,2014,217,Indonesia,World Health Organization
Malaria - number of reported deaths,2015,157,Indonesia,World Health Organization
Malaria - number of reported deaths,2008,669,Indonesia,World Health Organization
Malaria - number of reported deaths,2013,385,Indonesia,World Health Organization
Malaria - number of reported deaths,2010,432,Indonesia,World Health Organization
Malaria - number of reported deaths,2007,NA,Indonesia,World Health Organization
Malaria - number of reported deaths,2003,NA,Indonesia,World Health Organization
Maternal mortality ratio (per 100 000 live births),2011,NA,Indonesia,World Health Organization
Maternal mortality ratio (per 100 000 live births),2013,NA,Indonesia,World Health Organization
Maternal mortality ratio (per 100 000 live births),2002,NA,Indonesia,World Health Organization
Maternal mortality ratio (per 100 000 live births),2014,NA,Indonesia,World Health Organization
Maternal mortality ratio (per 100 000 live births),2009,NA,Indonesia,World Health Organization
Maternal mortality ratio (per 100 000 live births),2006,NA,Indonesia,World Health Organization
Maternal mortality ratio (per 100 000 live births),2012,NA,Indonesia,World Health Organization
Maternal mortality ratio (per 100 000 live births),2010,NA,Indonesia,World Health Organization
Maternal mortality ratio (per 100 000 live births),2005,NA,Indonesia,World Health Organization
Maternal mortality ratio (per 100 000 live births),2003,NA,Indonesia,World Health Organization
Maternal mortality ratio (per 100 000 live births),2004,NA,Indonesia,World Health Organization
Maternal mortality ratio (per 100 000 live births),2007,NA,Indonesia,World Health Organization
Maternal mortality ratio (per 100 000 live births),2008,NA,Indonesia,World Health Organization
Maternal mortality ratio (per 100 000 live births),2015,126 [ 93 -  179],Indonesia,World Health Organization
Measles - number of reported cases,2010,18869,Indonesia,World Health Organization
Measles - number of reported cases,2006,20422,Indonesia,World Health Organization
Measles - number of reported cases,2007,19456,Indonesia,World Health Organization
Measles - number of reported cases,2015,15099,Indonesia,World Health Organization
Measles - number of reported cases,2003,24457,Indonesia,World Health Organization
Measles - number of reported cases,2005,15853,Indonesia,World Health Organization
Measles - number of reported cases,2014,12943,Indonesia,World Health Organization
Measles - number of reported cases,2013,8419,Indonesia,World Health Organization
Measles - number of reported cases,2008,15369,Indonesia,World Health Organization
Measles - number of reported cases,2011,21893,Indonesia,World Health Organization
Measles - number of reported cases,2002,14492,Indonesia,World Health Organization
Measles - number of reported cases,2012,15489,Indonesia,World Health Organization
Measles - number of reported cases,2009,20818,Indonesia,World Health Organization
Measles - number of reported cases,2004,29171,Indonesia,World Health Organization
Most recent census (year),2012,NA,Indonesia,World Health Organization
Most recent census (year),2013,NA,Indonesia,World Health Organization
Most recent census (year),2004,NA,Indonesia,World Health Organization
Most recent census (year),2015,NA,Indonesia,World Health Organization
Most recent census (year),2002,NA,Indonesia,World Health Organization
Most recent census (year),2014,NA,Indonesia,World Health Organization
Most recent census (year),2006,NA,Indonesia,World Health Organization
Most recent census (year),2003,NA,Indonesia,World Health Organization
Most recent census (year),2008,NA,Indonesia,World Health Organization
Most recent census (year),2009,NA,Indonesia,World Health Organization
Most recent census (year),2005,NA,Indonesia,World Health Organization
Most recent census (year),2010,2010,Indonesia,World Health Organization
Most recent census (year),2011,NA,Indonesia,World Health Organization
Most recent census (year),2007,NA,Indonesia,World Health Organization
Neonatal tetanus - number of reported cases,2007,141,Indonesia,World Health Organization
Neonatal tetanus - number of reported cases,2013,69,Indonesia,World Health Organization
Neonatal tetanus - number of reported cases,2006,118,Indonesia,World Health Organization
Neonatal tetanus - number of reported cases,2003,177,Indonesia,World Health Organization
Neonatal tetanus - number of reported cases,2009,158,Indonesia,World Health Organization
Neonatal tetanus - number of reported cases,2010,147,Indonesia,World Health Organization
Neonatal tetanus - number of reported cases,2005,132,Indonesia,World Health Organization
Neonatal tetanus - number of reported cases,2015,79,Indonesia,World Health Organization
Neonatal tetanus - number of reported cases,2008,183,Indonesia,World Health Organization
Neonatal tetanus - number of reported cases,2012,106,Indonesia,World Health Organization
Neonatal tetanus - number of reported cases,2011,114,Indonesia,World Health Organization
Neonatal tetanus - number of reported cases,2002,64,Indonesia,World Health Organization
Neonatal tetanus - number of reported cases,2014,75,Indonesia,World Health Organization
Neonatal tetanus - number of reported cases,2004,210,Indonesia,World Health Organization
Neonates protected at birth against neonatal tetanus (PAB) (%),2014,85,Indonesia,World Health Organization
Neonates protected at birth against neonatal tetanus (PAB) (%),2007,83,Indonesia,World Health Organization
Neonates protected at birth against neonatal tetanus (PAB) (%),2008,79,Indonesia,World Health Organization
Neonates protected at birth against neonatal tetanus (PAB) (%),2011,85,Indonesia,World Health Organization
Neonates protected at birth against neonatal tetanus (PAB) (%),2013,85,Indonesia,World Health Organization
Neonates protected at birth against neonatal tetanus (PAB) (%),2012,85,Indonesia,World Health Organization
Neonates protected at birth against neonatal tetanus (PAB) (%),2015,85,Indonesia,World Health Organization
Neonates protected at birth against neonatal tetanus (PAB) (%),2002,82,Indonesia,World Health Organization
Neonates protected at birth against neonatal tetanus (PAB) (%),2005,83,Indonesia,World Health Organization
Neonates protected at birth against neonatal tetanus (PAB) (%),2004,82,Indonesia,World Health Organization
Neonates protected at birth against neonatal tetanus (PAB) (%),2003,82,Indonesia,World Health Organization
Neonates protected at birth against neonatal tetanus (PAB) (%),2010,85,Indonesia,World Health Organization
Neonates protected at birth against neonatal tetanus (PAB) (%),2006,83,Indonesia,World Health Organization
Neonates protected at birth against neonatal tetanus (PAB) (%),2009,85,Indonesia,World Health Organization
Number of infant deaths (thousands),2008,148,Indonesia,World Health Organization
Number of infant deaths (thousands),2002,177,Indonesia,World Health Organization
Number of infant deaths (thousands),2007,153,Indonesia,World Health Organization
Number of infant deaths (thousands),2004,174,Indonesia,World Health Organization
Number of infant deaths (thousands),2012,128,Indonesia,World Health Organization
Number of infant deaths (thousands),2006,158,Indonesia,World Health Organization
Number of infant deaths (thousands),2010,138,Indonesia,World Health Organization
Number of infant deaths (thousands),2013,123,Indonesia,World Health Organization
Number of infant deaths (thousands),2014,119,Indonesia,World Health Organization
Number of infant deaths (thousands),2003,173,Indonesia,World Health Organization
Number of infant deaths (thousands),2009,143,Indonesia,World Health Organization
Number of infant deaths (thousands),2005,163,Indonesia,World Health Organization
Number of infant deaths (thousands),2015,114,Indonesia,World Health Organization
Number of infant deaths (thousands),2011,133,Indonesia,World Health Organization
Number of neonatal deaths (thousands),2002,100,Indonesia,World Health Organization
Number of neonatal deaths (thousands),2005,95,Indonesia,World Health Organization
Number of neonatal deaths (thousands),2009,85,Indonesia,World Health Organization
Number of neonatal deaths (thousands),2011,79,Indonesia,World Health Organization
Number of neonatal deaths (thousands),2013,72,Indonesia,World Health Organization
Number of neonatal deaths (thousands),2006,93,Indonesia,World Health Organization
Number of neonatal deaths (thousands),2010,82,Indonesia,World Health Organization
Number of neonatal deaths (thousands),2004,97,Indonesia,World Health Organization
Number of neonatal deaths (thousands),2014,69,Indonesia,World Health Organization
Number of neonatal deaths (thousands),2003,98,Indonesia,World Health Organization
Number of neonatal deaths (thousands),2015,66,Indonesia,World Health Organization
Number of neonatal deaths (thousands),2012,75,Indonesia,World Health Organization
Number of neonatal deaths (thousands),2008,89,Indonesia,World Health Organization
Number of neonatal deaths (thousands),2007,91,Indonesia,World Health Organization
Number of new leprosy cases,2014,17025,Indonesia,World Health Organization
Number of new leprosy cases,2007,17723,Indonesia,World Health Organization
Number of new leprosy cases,2009,17260,Indonesia,World Health Organization
Number of new leprosy cases,2008,17441,Indonesia,World Health Organization
Number of new leprosy cases,2012,18994,Indonesia,World Health Organization
Number of new leprosy cases,2002,NA,Indonesia,World Health Organization
Number of new leprosy cases,2010,17012,Indonesia,World Health Organization
Number of new leprosy cases,2005,19695,Indonesia,World Health Organization
Number of new leprosy cases,2003,NA,Indonesia,World Health Organization
Number of new leprosy cases,2006,17682,Indonesia,World Health Organization
Number of new leprosy cases,2004,NA,Indonesia,World Health Organization
Number of new leprosy cases,2015,17202,Indonesia,World Health Organization
Number of new leprosy cases,2011,20023,Indonesia,World Health Organization
Number of new leprosy cases,2013,16856,Indonesia,World Health Organization
Number of under-five deaths (thousands),2004,236,Indonesia,World Health Organization
Number of under-five deaths (thousands),2012,154,Indonesia,World Health Organization
Number of under-five deaths (thousands),2013,148,Indonesia,World Health Organization
Number of under-five deaths (thousands),2005,201,Indonesia,World Health Organization
Number of under-five deaths (thousands),2008,181,Indonesia,World Health Organization
Number of under-five deaths (thousands),2002,221,Indonesia,World Health Organization
Number of under-five deaths (thousands),2009,174,Indonesia,World Health Organization
Number of under-five deaths (thousands),2010,167,Indonesia,World Health Organization
Number of under-five deaths (thousands),2007,187,Indonesia,World Health Organization
Number of under-five deaths (thousands),2006,194,Indonesia,World Health Organization
Number of under-five deaths (thousands),2015,136,Indonesia,World Health Organization
Number of under-five deaths (thousands),2014,142,Indonesia,World Health Organization
Number of under-five deaths (thousands),2003,214,Indonesia,World Health Organization
Number of under-five deaths (thousands),2011,160,Indonesia,World Health Organization
Pertussis - number of reported cases,2014,2082,Indonesia,World Health Organization
Pertussis - number of reported cases,2004,1547,Indonesia,World Health Organization
Pertussis - number of reported cases,2002,2113,Indonesia,World Health Organization
Pertussis - number of reported cases,2005,8897,Indonesia,World Health Organization
Pertussis - number of reported cases,2009,973,Indonesia,World Health Organization
Pertussis - number of reported cases,2003,4364,Indonesia,World Health Organization
Pertussis - number of reported cases,2006,3356,Indonesia,World Health Organization
Pertussis - number of reported cases,2010,NA,Indonesia,World Health Organization
Pertussis - number of reported cases,2012,NA,Indonesia,World Health Organization
Pertussis - number of reported cases,2008,NA,Indonesia,World Health Organization
Pertussis - number of reported cases,2011,1941,Indonesia,World Health Organization
Pertussis - number of reported cases,2015,NA,Indonesia,World Health Organization
Pertussis - number of reported cases,2013,2976,Indonesia,World Health Organization
Pertussis - number of reported cases,2007,NA,Indonesia,World Health Organization
Poliomyelitis - number of reported cases,2010,0,Indonesia,World Health Organization
Poliomyelitis - number of reported cases,2012,0,Indonesia,World Health Organization
Poliomyelitis - number of reported cases,2006,2,Indonesia,World Health Organization
Poliomyelitis - number of reported cases,2007,0,Indonesia,World Health Organization
Poliomyelitis - number of reported cases,2005,349,Indonesia,World Health Organization
Poliomyelitis - number of reported cases,2009,0,Indonesia,World Health Organization
Poliomyelitis - number of reported cases,2002,0,Indonesia,World Health Organization
Poliomyelitis - number of reported cases,2008,0,Indonesia,World Health Organization
Poliomyelitis - number of reported cases,2011,0,Indonesia,World Health Organization
Poliomyelitis - number of reported cases,2015,0,Indonesia,World Health Organization
Poliomyelitis - number of reported cases,2003,0,Indonesia,World Health Organization
Poliomyelitis - number of reported cases,2013,0,Indonesia,World Health Organization
Poliomyelitis - number of reported cases,2014,0,Indonesia,World Health Organization
Poliomyelitis - number of reported cases,2004,0,Indonesia,World Health Organization
Population living in urban areas (%),2014,NA,Indonesia,World Health Organization
Population living in urban areas (%),2013,NA,Indonesia,World Health Organization
Population living in urban areas (%),2003,NA,Indonesia,World Health Organization
Population living in urban areas (%),2002,NA,Indonesia,World Health Organization
Population living in urban areas (%),2012,NA,Indonesia,World Health Organization
Population living in urban areas (%),2007,NA,Indonesia,World Health Organization
Population living in urban areas (%),2006,NA,Indonesia,World Health Organization
Population living in urban areas (%),2005,NA,Indonesia,World Health Organization
Population living in urban areas (%),2010,49.9,Indonesia,World Health Organization
Population living in urban areas (%),2004,NA,Indonesia,World Health Organization
Population living in urban areas (%),2008,NA,Indonesia,World Health Organization
Population living in urban areas (%),2009,NA,Indonesia,World Health Organization
Population living in urban areas (%),2015,NA,Indonesia,World Health Organization
Population living in urban areas (%),2011,NA,Indonesia,World Health Organization
Population median age (years),2007,NA,Indonesia,World Health Organization
Population median age (years),2004,NA,Indonesia,World Health Organization
Population median age (years),2013,27.8,Indonesia,World Health Organization
Population median age (years),2002,NA,Indonesia,World Health Organization
Population median age (years),2011,NA,Indonesia,World Health Organization
Population median age (years),2012,27.47,Indonesia,World Health Organization
Population median age (years),2010,NA,Indonesia,World Health Organization
Population median age (years),2005,NA,Indonesia,World Health Organization
Population median age (years),2009,NA,Indonesia,World Health Organization
Population median age (years),2003,NA,Indonesia,World Health Organization
Population median age (years),2014,NA,Indonesia,World Health Organization
Population median age (years),2006,NA,Indonesia,World Health Organization
Population median age (years),2015,NA,Indonesia,World Health Organization
Population median age (years),2008,NA,Indonesia,World Health Organization
Prevalence of HIV among adults aged 15 to 49 (%),2004,NA,Indonesia,World Health Organization
Prevalence of HIV among adults aged 15 to 49 (%),2014,NA,Indonesia,World Health Organization
Prevalence of HIV among adults aged 15 to 49 (%),2002,NA,Indonesia,World Health Organization
Prevalence of HIV among adults aged 15 to 49 (%),2003,NA,Indonesia,World Health Organization
Prevalence of HIV among adults aged 15 to 49 (%),2006,NA,Indonesia,World Health Organization
Prevalence of HIV among adults aged 15 to 49 (%),2009,NA,Indonesia,World Health Organization
Prevalence of HIV among adults aged 15 to 49 (%),2010,0.4 [0.3–0.4],Indonesia,World Health Organization
Prevalence of HIV among adults aged 15 to 49 (%),2011,NA,Indonesia,World Health Organization
Prevalence of HIV among adults aged 15 to 49 (%),2008,NA,Indonesia,World Health Organization
Prevalence of HIV among adults aged 15 to 49 (%),2015,NA,Indonesia,World Health Organization
Prevalence of HIV among adults aged 15 to 49 (%),2007,NA,Indonesia,World Health Organization
Prevalence of HIV among adults aged 15 to 49 (%),2012,NA,Indonesia,World Health Organization
Prevalence of HIV among adults aged 15 to 49 (%),2013,NA,Indonesia,World Health Organization
Prevalence of HIV among adults aged 15 to 49 (%),2005,0.2 [0.2–0.3],Indonesia,World Health Organization
Total density per million population: Radiotherapy units,2014,NA,Indonesia,World Health Organization
Total density per million population: Radiotherapy units,2006,NA,Indonesia,World Health Organization
Total density per million population: Radiotherapy units,2008,NA,Indonesia,World Health Organization
Total density per million population: Radiotherapy units,2010,0.13,Indonesia,World Health Organization
Total density per million population: Radiotherapy units,2002,NA,Indonesia,World Health Organization
Total density per million population: Radiotherapy units,2015,NA,Indonesia,World Health Organization
Total density per million population: Radiotherapy units,2007,NA,Indonesia,World Health Organization
Total density per million population: Radiotherapy units,2005,NA,Indonesia,World Health Organization
Total density per million population: Radiotherapy units,2009,NA,Indonesia,World Health Organization
Total density per million population: Radiotherapy units,2012,NA,Indonesia,World Health Organization
Total density per million population: Radiotherapy units,2011,NA,Indonesia,World Health Organization
Total density per million population: Radiotherapy units,2003,NA,Indonesia,World Health Organization
Total density per million population: Radiotherapy units,2004,NA,Indonesia,World Health Organization
Total density per million population: Radiotherapy units,2013,0.15,Indonesia,World Health Organization
Total rubella - number of reported cases,2006,105,Indonesia,World Health Organization
Total rubella - number of reported cases,2004,NA,Indonesia,World Health Organization
Total rubella - number of reported cases,2013,2355,Indonesia,World Health Organization
Total rubella - number of reported cases,2003,NA,Indonesia,World Health Organization
Total rubella - number of reported cases,2012,1020,Indonesia,World Health Organization
Total rubella - number of reported cases,2002,NA,Indonesia,World Health Organization
Total rubella - number of reported cases,2010,1323,Indonesia,World Health Organization
Total rubella - number of reported cases,2009,2090,Indonesia,World Health Organization
Total rubella - number of reported cases,2007,168,Indonesia,World Health Organization
Total rubella - number of reported cases,2011,1959,Indonesia,World Health Organization
Total rubella - number of reported cases,2015,2156,Indonesia,World Health Organization
Total rubella - number of reported cases,2014,3542,Indonesia,World Health Organization
Total rubella - number of reported cases,2005,NA,Indonesia,World Health Organization
Total rubella - number of reported cases,2008,340,Indonesia,World Health Organization
Total tetanus - number of reported cases,2006,318,Indonesia,World Health Organization
Total tetanus - number of reported cases,2009,231,Indonesia,World Health Organization
Total tetanus - number of reported cases,2014,1032,Indonesia,World Health Organization
Total tetanus - number of reported cases,2002,171,Indonesia,World Health Organization
Total tetanus - number of reported cases,2010,147,Indonesia,World Health Organization
Total tetanus - number of reported cases,2004,715,Indonesia,World Health Organization
Total tetanus - number of reported cases,2013,225,Indonesia,World Health Organization
Total tetanus - number of reported cases,2011,210,Indonesia,World Health Organization
Total tetanus - number of reported cases,2008,183,Indonesia,World Health Organization
Total tetanus - number of reported cases,2015,NA,Indonesia,World Health Organization
Total tetanus - number of reported cases,2007,141,Indonesia,World Health Organization
Total tetanus - number of reported cases,2005,1907,Indonesia,World Health Organization
Total tetanus - number of reported cases,2012,106,Indonesia,World Health Organization
Total tetanus - number of reported cases,2003,1759,Indonesia,World Health Organization
Tuberculosis treatment coverage,2015,39 [36-43],Indonesia,World Health Organization
Tuberculosis treatment coverage,2012,39 [36-43],Indonesia,World Health Organization
Tuberculosis treatment coverage,2013,39 [36-43],Indonesia,World Health Organization
Tuberculosis treatment coverage,2009,35 [32-39],Indonesia,World Health Organization
Tuberculosis treatment coverage,2002,19 [18-21],Indonesia,World Health Organization
Tuberculosis treatment coverage,2004,26 [24-28],Indonesia,World Health Organization
Tuberculosis treatment coverage,2007,33 [31-37],Indonesia,World Health Organization
Tuberculosis treatment coverage,2011,38 [35-42],Indonesia,World Health Organization
Tuberculosis treatment coverage,2008,36 [33-39],Indonesia,World Health Organization
Tuberculosis treatment coverage,2014,38 [35-42],Indonesia,World Health Organization
Tuberculosis treatment coverage,2005,31 [29-34],Indonesia,World Health Organization
Tuberculosis treatment coverage,2006,34 [31-37],Indonesia,World Health Organization
Tuberculosis treatment coverage,2003,22 [20-24],Indonesia,World Health Organization
Tuberculosis treatment coverage,2010,36 [33-40],Indonesia,World Health Organization
Unmet need for family planning (%),2010,NA,Indonesia,World Health Organization
Unmet need for family planning (%),2007,13.1,Indonesia,World Health Organization
Unmet need for family planning (%),2003,NA,Indonesia,World Health Organization
Unmet need for family planning (%),2008,NA,Indonesia,World Health Organization
Unmet need for family planning (%),2014,NA,Indonesia,World Health Organization
Unmet need for family planning (%),2002,NA,Indonesia,World Health Organization
Unmet need for family planning (%),2005,NA,Indonesia,World Health Organization
Unmet need for family planning (%),2015,NA,Indonesia,World Health Organization
Unmet need for family planning (%),2012,11.4,Indonesia,World Health Organization
Unmet need for family planning (%),2006,NA,Indonesia,World Health Organization
Unmet need for family planning (%),2011,NA,Indonesia,World Health Organization
Unmet need for family planning (%),2004,NA,Indonesia,World Health Organization
Unmet need for family planning (%),2009,NA,Indonesia,World Health Organization
Unmet need for family planning (%),2013,NA,Indonesia,World Health Organization
"Unmet need for family planning, among girls aged 15-19 (%)",2002,NA,Indonesia,World Health Organization
"Unmet need for family planning, among girls aged 15-19 (%)",2014,NA,Indonesia,World Health Organization
"Unmet need for family planning, among girls aged 15-19 (%)",2004,NA,Indonesia,World Health Organization
"Unmet need for family planning, among girls aged 15-19 (%)",2007,9.3,Indonesia,World Health Organization
"Unmet need for family planning, among girls aged 15-19 (%)",2005,NA,Indonesia,World Health Organization
"Unmet need for family planning, among girls aged 15-19 (%)",2009,NA,Indonesia,World Health Organization
"Unmet need for family planning, among girls aged 15-19 (%)",2015,NA,Indonesia,World Health Organization
"Unmet need for family planning, among girls aged 15-19 (%)",2012,NA,Indonesia,World Health Organization
"Unmet need for family planning, among girls aged 15-19 (%)",2006,NA,Indonesia,World Health Organization
"Unmet need for family planning, among girls aged 15-19 (%)",2010,NA,Indonesia,World Health Organization
"Unmet need for family planning, among girls aged 15-19 (%)",2013,NA,Indonesia,World Health Organization
"Unmet need for family planning, among girls aged 15-19 (%)",2011,NA,Indonesia,World Health Organization
"Unmet need for family planning, among girls aged 15-19 (%)",2008,NA,Indonesia,World Health Organization
"Unmet need for family planning, among girls aged 15-19 (%)",2003,NA,Indonesia,World Health Organization
Yellow fever - number of reported cases,2007,0,Indonesia,World Health Organization
Yellow fever - number of reported cases,2005,NA,Indonesia,World Health Organization
Yellow fever - number of reported cases,2012,NA,Indonesia,World Health Organization
Yellow fever - number of reported cases,2015,NA,Indonesia,World Health Organization
Yellow fever - number of reported cases,2003,NA,Indonesia,World Health Organization
Yellow fever - number of reported cases,2008,0,Indonesia,World Health Organization
Yellow fever - number of reported cases,2011,NA,Indonesia,World Health Organization
Yellow fever - number of reported cases,2010,0,Indonesia,World Health Organization
Yellow fever - number of reported cases,2004,NA,Indonesia,World Health Organization
Yellow fever - number of reported cases,2009,0,Indonesia,World Health Organization
Yellow fever - number of reported cases,2006,0,Indonesia,World Health Organization
Yellow fever - number of reported cases,2014,NA,Indonesia,World Health Organization
Yellow fever - number of reported cases,2013,NA,Indonesia,World Health Organization
Yellow fever - number of reported cases,2002,NA,Indonesia,World Health Organization
